escore,length,pvalue,signature
-0.755511725427,14,0.001,REACTOME_PROCESSING_OF_INTRONLESS_PRE_MRNAS
-0.752451393101,11,0.001,REACTOME_APOPTOTIC_CLEAVAGE_OF_CELL_ADHESION_PROTEINS
-0.695685528632,18,0.001,BIOCARTA_MCM_PATHWAY
-0.669865690709,19,0.001,REACTOME_FANCONI_ANEMIA_PATHWAY
-0.659046772324,10,0.001,REACTOME_E2F_ENABLED_INHIBITION_OF_PRE_REPLICATION_COMPLEX_FORMATION
-0.648964091696,18,0.001,REACTOME_SIGNALING_BY_FGFR1_FUSION_MUTANTS
-0.637634830583,23,0.001,REACTOME_YAP1_AND_WWTR1_TAZ_STIMULATED_GENE_EXPRESSION
-0.625967917591,23,0.001,REACTOME_KINESINS
-0.597038437176,31,0.001,REACTOME_AMINO_ACID_TRANSPORT_ACROSS_THE_PLASMA_MEMBRANE
-0.596879903875,21,0.001,BIOCARTA_ATRBRCA_PATHWAY
-0.592214076643,29,0.001,REACTOME_ACTIVATION_OF_THE_PRE_REPLICATIVE_COMPLEX
-0.568200872893,44,0.001,PID_PLK1_PATHWAY
-0.554158677469,35,0.001,REACTOME_ACTIVATION_OF_ATR_IN_RESPONSE_TO_REPLICATION_STRESS
-0.552235924997,31,0.001,REACTOME_TRANSPORT_OF_MATURE_MRNA_DERIVED_FROM_AN_INTRONLESS_TRANSCRIPT
-0.549560653886,36,0.001,REACTOME_APOPTOTIC_CLEAVAGE_OF_CELLULAR_PROTEINS
-0.534637148177,35,0.001,PID_PI3KCI_AKT_PATHWAY
-0.532585117384,41,0.001,REACTOME_G2_M_CHECKPOINTS
-0.520334861288,41,0.001,KEGG_LYSINE_DEGRADATION
-0.503294823285,33,0.001,REACTOME_MRNA_3_END_PROCESSING
-0.497090056526,45,0.001,PID_FANCONI_PATHWAY
-0.486579249027,49,0.001,REACTOME_APOPTOTIC_EXECUTION_PHASE
-0.486319969371,77,0.001,REACTOME_MITOTIC_G2_G2_M_PHASES
-0.484273066875,55,0.001,REACTOME_LOSS_OF_NLP_FROM_MITOTIC_CENTROSOMES
-0.478418658474,39,0.001,PID_AURORA_B_PATHWAY
-0.463419264584,62,0.001,REACTOME_RECRUITMENT_OF_MITOTIC_CENTROSOME_PROTEINS_AND_COMPLEXES
-0.458145409191,51,0.001,REACTOME_TRANSPORT_OF_MATURE_TRANSCRIPT_TO_CYTOPLASM
-0.451593380311,82,0.001,REACTOME_MITOTIC_PROMETAPHASE
-0.450436253178,122,0.001,KEGG_CELL_CYCLE
-0.434022996845,72,0.001,PID_E2F_PATHWAY
-0.41933521055,325,0.001,REACTOME_GENERIC_TRANSCRIPTION_PATHWAY
-0.396312010384,80,0.001,PID_MET_PATHWAY
-0.385356491116,132,0.001,REACTOME_PROCESSING_OF_CAPPED_INTRON_CONTAINING_PRE_MRNA
-0.369670575053,150,0.001,REACTOME_MRNA_PROCESSING
-0.364685148582,301,0.001,REACTOME_CELL_CYCLE_MITOTIC
-0.363246002362,103,0.001,REACTOME_PPARA_ACTIVATES_GENE_EXPRESSION
-0.359580712149,364,0.001,REACTOME_CELL_CYCLE
-0.353120025144,162,0.001,REACTOME_MITOTIC_M_M_G1_PHASES
-0.352934999999,182,0.001,REACTOME_DNA_REPLICATION
-0.310760240808,227,0.001,REACTOME_SLC_MEDIATED_TRANSMEMBRANE_TRANSPORT
0.262813735956,433,0.001,REACTOME_SIGNALING_BY_GPCR
0.264342418399,408,0.001,REACTOME_HEMOSTASIS
0.268318968937,809,0.001,REACTOME_IMMUNE_SYSTEM
0.274507388146,493,0.001,REACTOME_ADAPTIVE_IMMUNE_SYSTEM
0.279141812809,184,0.001,REACTOME_METABOLISM_OF_AMINO_ACIDS_AND_DERIVATIVES
0.279862504327,826,0.001,NABA_MATRISOME
0.285691709496,347,0.001,REACTOME_GPCR_DOWNSTREAM_SIGNALING
0.302640283274,133,0.001,PID_P53_DOWNSTREAM_PATHWAY
0.303443925131,144,0.001,NABA_ECM_AFFILIATED
0.31147666975,198,0.001,NABA_ECM_REGULATORS
0.321111545469,138,0.001,REACTOME_TRANSLATION
0.323788739556,582,0.001,NABA_MATRISOME_ASSOCIATED
0.327078037753,77,0.001,REACTOME_POTASSIUM_CHANNELS
0.334963093803,186,0.001,REACTOME_PLATELET_ACTIVATION_SIGNALING_AND_AGGREGATION
0.340496964521,163,0.001,KEGG_CHEMOKINE_SIGNALING_PATHWAY
0.341013057283,256,0.001,REACTOME_GPCR_LIGAND_BINDING
0.345691365418,99,0.001,REACTOME_3_UTR_MEDIATED_TRANSLATIONAL_REGULATION
0.346639637603,240,0.001,NABA_SECRETED_FACTORS
0.352971823626,210,0.001,REACTOME_INNATE_IMMUNE_SYSTEM
0.355996805878,119,0.001,KEGG_LYSOSOME
0.356922455483,85,0.001,KEGG_TOLL_LIKE_RECEPTOR_SIGNALING_PATHWAY
0.357722913384,113,0.001,REACTOME_PEPTIDE_LIGAND_BINDING_RECEPTORS
0.360226054492,165,0.001,KEGG_HUNTINGTONS_DISEASE
0.361861620956,101,0.001,PID_CXCR4_PATHWAY
0.362909901534,127,0.001,KEGG_CELL_ADHESION_MOLECULES_CAMS
0.365699856183,178,0.001,KEGG_NEUROACTIVE_LIGAND_RECEPTOR_INTERACTION
0.377571954447,67,0.001,KEGG_DRUG_METABOLISM_CYTOCHROME_P450
0.390958822902,50,0.001,REACTOME_TCR_SIGNALING
0.400485620703,151,0.001,KEGG_ALZHEIMERS_DISEASE
0.406078660362,135,0.001,REACTOME_G_ALPHA_I_SIGNALLING_EVENTS
0.406523174827,48,0.001,REACTOME_VIF_MEDIATED_DEGRADATION_OF_APOBEC3G
0.40766066324,183,0.001,REACTOME_CLASS_A1_RHODOPSIN_LIKE_RECEPTORS
0.409045538879,67,0.001,KEGG_COMPLEMENT_AND_COAGULATION_CASCADES
0.409191578166,46,0.001,REACTOME_CROSS_PRESENTATION_OF_SOLUBLE_EXOGENOUS_ANTIGENS_ENDOSOMES
0.409419438202,64,0.001,KEGG_METABOLISM_OF_XENOBIOTICS_BY_CYTOCHROME_P450
0.415647788164,82,0.001,REACTOME_G_ALPHA_S_SIGNALLING_EVENTS
0.420335478698,66,0.001,PID_TCR_PATHWAY
0.420749557691,50,0.001,PID_CD8_TCR_DOWNSTREAM_PATHWAY
0.422041953327,46,0.001,REACTOME_CHONDROITIN_SULFATE_DERMATAN_SULFATE_METABOLISM
0.425618203638,61,0.001,REACTOME_COSTIMULATION_BY_THE_CD28_FAMILY
0.429281433662,199,0.001,KEGG_CYTOKINE_CYTOKINE_RECEPTOR_INTERACTION
0.434761069277,53,0.001,PID_CD8_TCR_PATHWAY
0.435589339085,97,0.001,REACTOME_INFLUENZA_VIRAL_RNA_TRANSCRIPTION_AND_REPLICATION
0.44111792418,41,0.001,PID_UPA_UPAR_PATHWAY
0.44143567588,57,0.001,REACTOME_ER_PHAGOSOME_PATHWAY
0.444777669822,115,0.001,REACTOME_TCA_CYCLE_AND_RESPIRATORY_ELECTRON_TRANSPORT
0.448180019107,103,0.001,KEGG_NATURAL_KILLER_CELL_MEDIATED_CYTOTOXICITY
0.448304829186,43,0.001,REACTOME_AMYLOIDS
0.452739212745,60,0.001,PID_FCER1_PATHWAY
0.45429761767,71,0.001,REACTOME_ANTIGEN_PROCESSING_CROSS_PRESENTATION
0.461166368182,49,0.001,REACTOME_INTERFERON_ALPHA_BETA_SIGNALING
0.477015941249,103,0.001,REACTOME_SRP_DEPENDENT_COTRANSLATIONAL_PROTEIN_TARGETING_TO_MEMBRANE
0.479104919938,67,0.001,KEGG_VIRAL_MYOCARDITIS
0.486602674426,37,0.001,KEGG_PORPHYRIN_AND_CHLOROPHYLL_METABOLISM
0.487869542556,66,0.001,KEGG_LEISHMANIA_INFECTION
0.490059471938,30,0.001,PID_IL23_PATHWAY
0.497685944972,108,0.001,KEGG_PARKINSONS_DISEASE
0.504822082664,41,0.001,PID_AMB2_NEUTROPHILS_PATHWAY
0.509874969592,114,0.001,KEGG_OXIDATIVE_PHOSPHORYLATION
0.509893772932,81,0.001,REACTOME_PEPTIDE_CHAIN_ELONGATION
0.510965445807,32,0.001,KEGG_PRIMARY_IMMUNODEFICIENCY
0.513411946109,28,0.001,REACTOME_COMPLEMENT_CASCADE
0.521371323183,84,0.001,KEGG_RIBOSOME
0.530311876867,27,0.001,REACTOME_LIPOPROTEIN_METABOLISM
0.534796309193,25,0.001,REACTOME_STEROID_HORMONES
0.54067313789,33,0.001,PID_IL8_CXCR2_PATHWAY
0.541879158829,59,0.001,PID_IL12_2PATHWAY
0.547118982131,59,0.001,KEGG_ANTIGEN_PROCESSING_AND_PRESENTATION
0.547776218798,41,0.001,REACTOME_CHEMOKINE_RECEPTORS_BIND_CHEMOKINES
0.548882227047,83,0.001,KEGG_SYSTEMIC_LUPUS_ERYTHEMATOSUS
0.554443644635,20,0.001,REACTOME_G_PROTEIN_ACTIVATION
0.555181084591,58,0.001,REACTOME_INTERFERON_GAMMA_SIGNALING
0.562286475283,75,0.001,KEGG_HEMATOPOIETIC_CELL_LINEAGE
0.575599751026,64,0.001,REACTOME_RESPIRATORY_ELECTRON_TRANSPORT
0.577611176891,16,0.001,BIOCARTA_TOB1_PATHWAY
0.591530134314,79,0.001,REACTOME_RESPIRATORY_ELECTRON_TRANSPORT_ATP_SYNTHESIS_BY_CHEMIOSMOTIC_COUPLING_AND_HEAT_PRODUCTION_BY_UNCOUPLING_PROTEINS_
0.593152980656,54,0.001,REACTOME_IMMUNOREGULATORY_INTERACTIONS_BETWEEN_A_LYMPHOID_AND_A_NON_LYMPHOID_CELL
0.598045309318,17,0.001,REACTOME_ADP_SIGNALLING_THROUGH_P2RY12
0.599226591543,30,0.001,PID_IL12_STAT4_PATHWAY
0.60122872578,22,0.001,BIOCARTA_NKT_PATHWAY
0.601839383549,16,0.001,KEGG_PANTOTHENATE_AND_COA_BIOSYNTHESIS
0.619577490794,20,0.001,REACTOME_ANTIGEN_PRESENTATION_FOLDING_ASSEMBLY_AND_PEPTIDE_LOADING_OF_CLASS_I_MHC
0.621201733381,26,0.001,REACTOME_GENERATION_OF_SECOND_MESSENGER_MOLECULES
0.633344902195,16,0.001,REACTOME_INFLAMMASOMES
0.635307025827,17,0.001,BIOCARTA_IL10_PATHWAY
0.635974043846,36,0.001,KEGG_TYPE_I_DIABETES_MELLITUS
0.661434005363,21,0.001,PID_IL27_PATHWAY
0.686372472285,11,0.001,BIOCARTA_AHSP_PATHWAY
0.690681946705,14,0.001,REACTOME_METABOLISM_OF_PORPHYRINS
0.70326207434,39,0.001,KEGG_INTESTINAL_IMMUNE_NETWORK_FOR_IGA_PRODUCTION
0.707939200209,12,0.001,BIOCARTA_IL17_PATHWAY
0.710204454948,13,0.001,BIOCARTA_DC_PATHWAY
0.711336745803,15,0.001,SA_MMP_CYTOKINE_CONNECTION
0.712368199024,13,0.001,BIOCARTA_CTL_PATHWAY
0.714644255926,18,0.001,BIOCARTA_INFLAM_PATHWAY
0.714971269565,33,0.001,KEGG_AUTOIMMUNE_THYROID_DISEASE
0.721219718013,12,0.001,BIOCARTA_THELPER_PATHWAY
0.721546400912,15,0.001,REACTOME_PHOSPHORYLATION_OF_CD3_AND_TCR_ZETA_CHAINS
0.722206641474,12,0.001,BIOCARTA_TCYTOTOXIC_PATHWAY
0.729118090152,21,0.001,KEGG_ASTHMA
0.731745476673,30,0.001,KEGG_ALLOGRAFT_REJECTION
0.731769153136,10,0.001,REACTOME_PYRIMIDINE_CATABOLISM
0.734001760383,31,0.001,KEGG_GRAFT_VERSUS_HOST_DISEASE
0.739949149982,17,0.001,REACTOME_PD1_SIGNALING
0.743999738666,11,0.001,BIOCARTA_BLYMPHOCYTE_PATHWAY
0.749380300065,11,0.001,BIOCARTA_TCRA_PATHWAY
0.749478079332,13,0.001,REACTOME_TRANSLOCATION_OF_ZAP_70_TO_IMMUNOLOGICAL_SYNAPSE
0.772432676711,8,0.001,REACTOME_ENDOSOMAL_VACUOLAR_PATHWAY
0.791998236061,7,0.001,BIOCARTA_IL5_PATHWAY
0.811586220341,10,0.001,BIOCARTA_ASBCELL_PATHWAY
-0.692576269757,11,0.002,REACTOME_UNWINDING_OF_DNA
-0.684467257239,11,0.002,REACTOME_CDC6_ASSOCIATION_WITH_THE_ORC_ORIGIN_COMPLEX
-0.619897094812,20,0.002,REACTOME_SIGNALING_BY_HIPPO
-0.575285250427,23,0.002,REACTOME_PROCESSING_OF_CAPPED_INTRONLESS_PRE_MRNA
-0.523127985848,29,0.002,PID_BARD1_PATHWAY
-0.496238193609,31,0.002,REACTOME_INTERACTIONS_OF_VPR_WITH_HOST_CELLULAR_PROTEINS
-0.416567961107,51,0.002,KEGG_ENDOMETRIAL_CANCER
-0.411125119067,51,0.002,REACTOME_CELL_CELL_JUNCTION_ORGANIZATION
-0.392830015633,70,0.002,PID_CDC42_PATHWAY
-0.387693391055,89,0.002,REACTOME_CHROMOSOME_MAINTENANCE
-0.35594193872,122,0.002,KEGG_SPLICEOSOME
0.293093465257,137,0.002,REACTOME_INTERFERON_SIGNALING
0.398182728253,55,0.002,KEGG_RETINOL_METABOLISM
0.425162401347,41,0.002,REACTOME_LIPID_DIGESTION_MOBILIZATION_AND_TRANSPORT
0.482928438847,24,0.002,REACTOME_G_PROTEIN_BETA_GAMMA_SIGNALLING
0.486528905317,29,0.002,REACTOME_METABOLISM_OF_STEROID_HORMONES_AND_VITAMINS_A_AND_D
0.668828432159,14,0.002,REACTOME_MITOCHONDRIAL_FATTY_ACID_BETA_OXIDATION
0.671330902672,13,0.002,REACTOME_FORMATION_OF_ATP_BY_CHEMIOSMOTIC_COUPLING
0.683344706095,12,0.002,BIOCARTA_ERYTH_PATHWAY
0.749282546308,9,0.002,BIOCARTA_TCAPOPTOSIS_PATHWAY
-0.675541814752,12,0.003,SA_REG_CASCADE_OF_CYCLIN_EXPR
-0.533830693644,23,0.003,KEGG_DORSO_VENTRAL_AXIS_FORMATION
-0.476744279102,34,0.003,PID_ATM_PATHWAY
-0.472753506785,33,0.003,PID_NCADHERIN_PATHWAY
-0.460986685606,39,0.003,PID_ATR_PATHWAY
-0.429787301069,59,0.003,PID_AR_PATHWAY
-0.326635725051,141,0.003,KEGG_WNT_SIGNALING_PATHWAY
0.247557720583,238,0.003,REACTOME_CYTOKINE_SIGNALING_IN_IMMUNE_SYSTEM
0.377011175437,50,0.003,PID_PTP1B_PATHWAY
0.415517683687,56,0.003,PID_TXA2PATHWAY
0.47913975229,34,0.003,BIOCARTA_FMLP_PATHWAY
0.575334216257,21,0.003,KEGG_GLYCOSAMINOGLYCAN_BIOSYNTHESIS_CHONDROITIN_SULFATE
0.628353374,14,0.003,REACTOME_HDL_MEDIATED_LIPID_TRANSPORT
-0.682405115767,12,0.004,BIOCARTA_VDR_PATHWAY
-0.546212632008,22,0.004,REACTOME_CIRCADIAN_REPRESSION_OF_EXPRESSION_BY_REV_ERBA
-0.522875963329,26,0.004,REACTOME_TRANSPORT_OF_RIBONUCLEOPROTEINS_INTO_THE_HOST_NUCLEUS
-0.442432140447,46,0.004,REACTOME_AMINO_ACID_AND_OLIGOPEPTIDE_SLC_TRANSPORTERS
-0.437034065217,50,0.004,SIG_INSULIN_RECEPTOR_PATHWAY_IN_CARDIAC_MYOCYTES
-0.418316227576,50,0.004,REACTOME_GOLGI_ASSOCIATED_VESICLE_BIOGENESIS
-0.35809193441,104,0.004,REACTOME_MRNA_SPLICING
0.332348493155,79,0.004,REACTOME_RESPONSE_TO_ELEVATED_PLATELET_CYTOSOLIC_CA2_
0.390256776317,47,0.004,REACTOME_REGULATION_OF_ORNITHINE_DECARBOXYLASE_ODC
0.392074653953,43,0.004,KEGG_VALINE_LEUCINE_AND_ISOLEUCINE_DEGRADATION
0.465113397814,27,0.004,REACTOME_SIGNAL_AMPLIFICATION
0.53938706023,16,0.004,REACTOME_G_BETA_GAMMA_SIGNALLING_THROUGH_PLC_BETA
0.564726983303,18,0.004,BIOCARTA_CTLA4_PATHWAY
0.575016942911,15,0.004,KEGG_GLYCOSPHINGOLIPID_BIOSYNTHESIS_GANGLIO_SERIES
0.633209710728,11,0.004,REACTOME_THE_NLRP3_INFLAMMASOME
0.657245879411,10,0.004,BIOCARTA_LYM_PATHWAY
0.733377913486,8,0.004,BIOCARTA_STEM_PATHWAY
-0.427310124807,47,0.005,PID_AJDISS_2PATHWAY
0.297586190707,111,0.005,KEGG_JAK_STAT_SIGNALING_PATHWAY
0.335612802287,78,0.005,REACTOME_REGULATION_OF_INSULIN_SECRETION
0.427892740111,29,0.005,PID_INTEGRIN2_PATHWAY
0.582779105454,15,0.005,BIOCARTA_NO2IL12_PATHWAY
0.674729190414,9,0.005,ST_JAK_STAT_PATHWAY
-0.555215280857,23,0.006,REACTOME_RORA_ACTIVATES_CIRCADIAN_EXPRESSION
-0.552022354034,19,0.006,REACTOME_NEPHRIN_INTERACTIONS
-0.539314137618,21,0.006,REACTOME_CHOLESTEROL_BIOSYNTHESIS
-0.538844335803,20,0.006,PID_ECADHERIN_KERATINOCYTE_PATHWAY
-0.444003632842,35,0.006,PID_PI3K_PLC_TRK_PATHWAY
-0.439855583691,42,0.006,REACTOME_CLEAVAGE_OF_GROWING_TRANSCRIPT_IN_THE_TERMINATION_REGION_
-0.388929144186,67,0.006,SIG_PIP3_SIGNALING_IN_CARDIAC_MYOCTES
0.408594629506,40,0.006,REACTOME_G_ALPHA_Z_SIGNALLING_EVENTS
0.485883810808,21,0.006,REACTOME_G_BETA_GAMMA_SIGNALLING_THROUGH_PI3KGAMMA
0.538290233886,17,0.006,PID_ANTHRAX_PATHWAY
0.582941638625,15,0.006,BIOCARTA_TH1TH2_PATHWAY
0.600945487169,12,0.006,REACTOME_SYNTHESIS_SECRETION_AND_DEACYLATION_OF_GHRELIN
0.613541242911,12,0.006,REACTOME_INITIAL_TRIGGERING_OF_COMPLEMENT
0.667440766114,12,0.006,BIOCARTA_GRANULOCYTES_PATHWAY
-0.606559935762,15,0.007,BIOCARTA_EIF_PATHWAY
-0.585638616904,14,0.007,REACTOME_N_GLYCAN_ANTENNAE_ELONGATION
-0.495848921451,24,0.007,REACTOME_CYTOSOLIC_TRNA_AMINOACYLATION
-0.437455605766,44,0.007,PID_RHOA_REG_PATHWAY
0.288042421076,102,0.007,REACTOME_NONSENSE_MEDIATED_DECAY_ENHANCED_BY_THE_EXON_JUNCTION_COMPLEX
0.291237459052,101,0.007,KEGG_T_CELL_RECEPTOR_SIGNALING_PATHWAY
0.375994045779,48,0.007,REACTOME_SCF_BETA_TRCP_MEDIATED_DEGRADATION_OF_EMI1
0.377121047593,45,0.007,ST_T_CELL_SIGNAL_TRANSDUCTION
0.399341377077,44,0.007,BIOCARTA_TCR_PATHWAY
0.504843018882,21,0.007,REACTOME_INHIBITION_OF_INSULIN_SECRETION_BY_ADRENALINE_NORADRENALINE
0.658800608059,9,0.007,BIOCARTA_CYTOKINE_PATHWAY
0.669919586538,8,0.007,REACTOME_PROSTANOID_LIGAND_RECEPTORS
0.707006840574,8,0.007,REACTOME_CREATION_OF_C4_AND_C2_ACTIVATORS
-0.471709614014,30,0.008,PID_CDC42_REG_PATHWAY
-0.464091048247,38,0.008,PID_FOXM1_PATHWAY
0.321463165514,68,0.008,KEGG_CARDIAC_MUSCLE_CONTRACTION
0.368714420041,48,0.008,KEGG_GLUTATHIONE_METABOLISM
0.397366242101,40,0.008,KEGG_CYTOSOLIC_DNA_SENSING_PATHWAY
0.546264741333,15,0.008,REACTOME_PROSTACYCLIN_SIGNALLING_THROUGH_PROSTACYCLIN_RECEPTOR
0.610142162022,11,0.008,REACTOME_CD28_DEPENDENT_VAV1_PATHWAY
-0.516855589746,23,0.009,REACTOME_G0_AND_EARLY_G1
-0.503668202901,26,0.009,REACTOME_NEP_NS2_INTERACTS_WITH_THE_CELLULAR_EXPORT_MACHINERY
-0.432288543775,36,0.009,REACTOME_SIGNALING_BY_FGFR_MUTANTS
0.279875195577,108,0.009,KEGG_LEUKOCYTE_TRANSENDOTHELIAL_MIGRATION
0.302968761761,89,0.009,REACTOME_ACTIVATED_TLR4_SIGNALLING
0.325588421912,78,0.009,REACTOME_INTEGRIN_CELL_SURFACE_INTERACTIONS
0.364803579426,46,0.009,REACTOME_AUTODEGRADATION_OF_THE_E3_UBIQUITIN_LIGASE_COP1
0.384249826711,41,0.009,KEGG_TYROSINE_METABOLISM
0.427609942344,26,0.009,PID_INTEGRIN_CS_PATHWAY
-0.550041167144,20,0.01,BIOCARTA_IGF1MTOR_PATHWAY
-0.432138527503,42,0.01,REACTOME_TRNA_AMINOACYLATION
-0.405241470196,44,0.01,PID_INSULIN_PATHWAY
0.319288741086,69,0.01,REACTOME_PLATELET_HOMEOSTASIS
0.320291713826,61,0.01,REACTOME_SIGNALING_BY_WNT
0.337015884328,59,0.01,KEGG_NOD_LIKE_RECEPTOR_SIGNALING_PATHWAY
0.408093526384,34,0.01,KEGG_PRION_DISEASES
0.418524053935,31,0.01,REACTOME_GPVI_MEDIATED_ACTIVATION_CASCADE
-0.614849789885,12,0.011,BIOCARTA_CARM1_PATHWAY
-0.614798722165,13,0.011,BIOCARTA_RB_PATHWAY
-0.525552502669,18,0.011,PID_BETA_CATENIN_DEG_PATHWAY
-0.49015152639,26,0.011,REACTOME_TIGHT_JUNCTION_INTERACTIONS
-0.476183678051,25,0.011,BIOCARTA_WNT_PATHWAY
-0.419304214727,45,0.011,PID_PS1_PATHWAY
-0.365000343654,73,0.011,PID_BETA_CATENIN_NUC_PATHWAY
0.3646603816,50,0.011,KEGG_AMYOTROPHIC_LATERAL_SCLEROSIS_ALS
0.52453773261,17,0.011,BIOCARTA_COMP_PATHWAY
0.526977819179,16,0.011,REACTOME_REGULATION_OF_INSULIN_LIKE_GROWTH_FACTOR_IGF_ACTIVITY_BY_INSULIN_LIKE_GROWTH_FACTOR_BINDING_PROTEINS_IGFBPS
0.699487055734,6,0.011,REACTOME_GLYCOPROTEIN_HORMONES
-0.481996472726,26,0.012,REACTOME_REGULATION_OF_GLUCOKINASE_BY_GLUCOKINASE_REGULATORY_PROTEIN
-0.355401401198,66,0.012,PID_TELOMERASE_PATHWAY
0.448083033842,27,0.012,PID_IL8_CXCR1_PATHWAY
0.543398574842,15,0.012,REACTOME_CHYLOMICRON_MEDIATED_LIPID_TRANSPORT
-0.458442982641,33,0.013,REACTOME_BMAL1_CLOCK_NPAS2_ACTIVATES_CIRCADIAN_EXPRESSION
-0.446042242354,35,0.013,PID_ERBB1_RECEPTOR_PROXIMAL_PATHWAY
-0.417901797174,45,0.013,REACTOME_METABOLISM_OF_NON_CODING_RNA
-0.379852899807,51,0.013,KEGG_BASAL_CELL_CARCINOMA
0.221359214652,248,0.013,KEGG_MAPK_SIGNALING_PATHWAY
0.259993998083,130,0.013,REACTOME_INFLUENZA_LIFE_CYCLE
0.461324357721,23,0.013,REACTOME_GLUCAGON_TYPE_LIGAND_RECEPTORS
0.615444816286,9,0.013,ST_INTERFERON_GAMMA_PATHWAY
-0.56831320186,15,0.014,BIOCARTA_SHH_PATHWAY
-0.456971661254,30,0.014,REACTOME_DNA_STRAND_ELONGATION
0.225970469599,238,0.014,REACTOME_NEURONAL_SYSTEM
0.279758005117,110,0.014,REACTOME_TOLL_RECEPTOR_CASCADES
0.316031920238,69,0.014,REACTOME_OPIOID_SIGNALLING
0.342879532463,53,0.014,REACTOME_SCFSKP2_MEDIATED_DEGRADATION_OF_P27_P21
0.353104455988,45,0.014,REACTOME_CDK_MEDIATED_PHOSPHORYLATION_AND_REMOVAL_OF_CDC6
0.44000395453,27,0.014,REACTOME_ACTIVATION_OF_KAINATE_RECEPTORS_UPON_GLUTAMATE_BINDING
-0.566593543777,15,0.015,KEGG_STEROID_BIOSYNTHESIS
-0.493699312606,22,0.015,REACTOME_DOUBLE_STRAND_BREAK_REPAIR
-0.459569219342,32,0.015,ST_WNT_BETA_CATENIN_PATHWAY
-0.363076092674,62,0.015,PID_RB_1PATHWAY
0.26852294765,102,0.015,REACTOME_GLYCOSAMINOGLYCAN_METABOLISM
0.330698481011,55,0.015,REACTOME_REGULATION_OF_APOPTOSIS
0.400582888995,30,0.015,REACTOME_LATENT_INFECTION_OF_HOMO_SAPIENS_WITH_MYCOBACTERIUM_TUBERCULOSIS
0.58891401514,12,0.015,REACTOME_ACTIVATION_OF_IRF3_IRF7_MEDIATED_BY_TBK1_IKK_EPSILON
-0.544187848427,15,0.016,REACTOME_NA_CL_DEPENDENT_NEUROTRANSMITTER_TRANSPORTERS
0.197453432314,407,0.016,REACTOME_METABOLISM_OF_PROTEINS
0.387648016726,38,0.016,BIOCARTA_FCER1_PATHWAY
0.466910887456,19,0.016,BIOCARTA_NKCELLS_PATHWAY
0.545494760204,12,0.016,REACTOME_CS_DS_DEGRADATION
0.600626754043,10,0.016,BIOCARTA_EPHA4_PATHWAY
0.859890468118,3,0.016,REACTOME_HORMONE_LIGAND_BINDING_RECEPTORS
-0.503913817449,19,0.017,PID_EPHA2_FWD_PATHWAY
-0.486468372039,21,0.017,PID_P38_MK2_PATHWAY
-0.436686769566,33,0.017,REACTOME_E2F_MEDIATED_REGULATION_OF_DNA_REPLICATION
-0.28764957904,165,0.017,REACTOME_FATTY_ACID_TRIACYLGLYCEROL_AND_KETONE_BODY_METABOLISM
-0.552766885475,14,0.018,BIOCARTA_PITX2_PATHWAY
-0.524488138761,17,0.018,REACTOME_REGULATION_OF_GENE_EXPRESSION_IN_BETA_CELLS
-0.404770347641,41,0.018,KEGG_AMINOACYL_TRNA_BIOSYNTHESIS
0.431203238812,24,0.018,KEGG_GALACTOSE_METABOLISM
0.467290866394,20,0.018,BIOCARTA_CSK_PATHWAY
0.491414799652,19,0.018,REACTOME_CHONDROITIN_SULFATE_BIOSYNTHESIS
-0.410321477031,38,0.019,PID_RAC1_REG_PATHWAY
0.31328736341,58,0.019,REACTOME_RIG_I_MDA5_MEDIATED_INDUCTION_OF_IFN_ALPHA_BETA_PATHWAYS
0.626108304227,8,0.019,REACTOME_PEPTIDE_HORMONE_BIOSYNTHESIS
0.720852895149,5,0.019,REACTOME_SIGNALING_BY_ACTIVATED_POINT_MUTANTS_OF_FGFR1
-0.347812088601,71,0.02,KEGG_ADHERENS_JUNCTION
0.295517233847,70,0.02,KEGG_VEGF_SIGNALING_PATHWAY
0.396686852248,31,0.02,PID_P38_ALPHA_BETA_PATHWAY
0.453396526241,19,0.02,REACTOME_THROMBOXANE_SIGNALLING_THROUGH_TP_RECEPTOR
0.542907052567,14,0.02,REACTOME_NUCLEOTIDE_LIKE_PURINERGIC_RECEPTORS
-0.615399030503,11,0.021,REACTOME_MTORC1_MEDIATED_SIGNALLING
-0.470091981538,23,0.021,BIOCARTA_PTDINS_PATHWAY
-0.328556239166,84,0.021,WNT_SIGNALING
0.341128602139,52,0.021,REACTOME_P53_DEPENDENT_G1_DNA_DAMAGE_RESPONSE
0.564984825763,11,0.021,BIOCARTA_EPONFKB_PATHWAY
-0.470259793844,23,0.022,REACTOME_SIGNALING_BY_FGFR1_MUTANTS
0.217503801297,229,0.022,REACTOME_CLASS_I_MHC_MEDIATED_ANTIGEN_PROCESSING_PRESENTATION
0.418209387504,27,0.022,REACTOME_THE_ROLE_OF_NEF_IN_HIV1_REPLICATION_AND_DISEASE_PATHOGENESIS
0.434415318867,23,0.022,BIOCARTA_NTHI_PATHWAY
0.464891320302,19,0.022,BIOCARTA_IL12_PATHWAY
0.509917347605,14,0.022,REACTOME_EICOSANOID_LIGAND_BINDING_RECEPTORS
-0.591490353371,11,0.023,BIOCARTA_EIF2_PATHWAY
-0.38967535005,42,0.023,REACTOME_DEADENYLATION_DEPENDENT_MRNA_DECAY
-0.357084072761,60,0.023,REACTOME_SIGNALING_BY_TGF_BETA_RECEPTOR_COMPLEX
0.246724705827,133,0.023,REACTOME_G_ALPHA_Q_SIGNALLING_EVENTS
0.281530483512,83,0.023,KEGG_APOPTOSIS
0.292471936581,69,0.023,KEGG_PANCREATIC_CANCER
0.295566545636,70,0.023,KEGG_FC_EPSILON_RI_SIGNALING_PATHWAY
0.414429106078,27,0.023,REACTOME_INWARDLY_RECTIFYING_K_CHANNELS
0.474139587052,17,0.023,REACTOME_AMINE_LIGAND_BINDING_RECEPTORS
0.526044944641,13,0.023,REACTOME_PURINE_SALVAGE
-0.54947794189,13,0.024,REACTOME_ASSOCIATION_OF_LICENSING_FACTORS_WITH_THE_PRE_REPLICATIVE_COMPLEX
-0.391755275327,42,0.024,PID_ECADHERIN_STABILIZATION_PATHWAY
-0.32570721039,87,0.024,KEGG_ERBB_SIGNALING_PATHWAY
0.263626073164,105,0.024,REACTOME_INTEGRATION_OF_ENERGY_METABOLISM
0.323624896992,60,0.024,REACTOME_ACTIVATION_OF_NF_KAPPAB_IN_B_CELLS
0.360226567007,33,0.024,REACTOME_GLYCOSPHINGOLIPID_METABOLISM
-0.371515202331,57,0.025,REACTOME_TRANS_GOLGI_NETWORK_VESICLE_BUDDING
-0.339785382459,83,0.025,REACTOME_TRANSPORT_OF_GLUCOSE_AND_OTHER_SUGARS_BILE_SALTS_AND_ORGANIC_ACIDS_METAL_IONS_AND_AMINE_COMPOUNDS
0.353015761838,43,0.025,KEGG_STARCH_AND_SUCROSE_METABOLISM
0.392744134145,30,0.025,REACTOME_NEGATIVE_REGULATORS_OF_RIG_I_MDA5_SIGNALING
-0.362674015953,57,0.026,KEGG_RNA_DEGRADATION
-0.314001998594,112,0.026,REACTOME_CELL_CELL_COMMUNICATION
0.514721875236,13,0.026,BIOCARTA_CACAM_PATHWAY
0.573219094535,11,0.026,BIOCARTA_MONOCYTE_PATHWAY
-0.604715858124,9,0.027,REACTOME_G2_M_DNA_DAMAGE_CHECKPOINT
-0.463329285247,23,0.027,BIOCARTA_EIF4_PATHWAY
-0.292955726928,130,0.028,KEGG_INSULIN_SIGNALING_PATHWAY
-0.243184572308,362,0.028,REACTOME_DEVELOPMENTAL_BIOLOGY
-0.500210615778,18,0.029,REACTOME_N_GLYCAN_ANTENNAE_ELONGATION_IN_THE_MEDIAL_TRANS_GOLGI
-0.446332979264,23,0.029,BIOCARTA_CELLCYCLE_PATHWAY
-0.381261894162,40,0.029,BIOCARTA_CHREBP2_PATHWAY
-0.376879095779,50,0.029,KEGG_HEDGEHOG_SIGNALING_PATHWAY
0.307714052862,59,0.029,REACTOME_SPHINGOLIPID_METABOLISM
0.308602065731,56,0.029,PID_SHP2_PATHWAY
0.5596338598,9,0.029,SA_FAS_SIGNALING
-0.495754835019,18,0.03,BIOCARTA_PTEN_PATHWAY
-0.370459959994,49,0.03,PID_FOXO_PATHWAY
-0.305478663101,102,0.03,REACTOME_DNA_REPAIR
0.341448571084,44,0.03,KEGG_AMINO_SUGAR_AND_NUCLEOTIDE_SUGAR_METABOLISM
-0.499462517721,16,0.031,REACTOME_HOMOLOGOUS_RECOMBINATION_REPAIR_OF_REPLICATION_INDEPENDENT_DOUBLE_STRAND_BREAKS
-0.455760233537,24,0.031,BIOCARTA_G2_PATHWAY
0.285307517509,80,0.031,REACTOME_MYD88_MAL_CASCADE_INITIATED_ON_PLASMA_MEMBRANE
0.303715246583,56,0.031,REACTOME_AUTODEGRADATION_OF_CDH1_BY_CDH1_APC_C
-0.596783578101,10,0.033,BIOCARTA_RANMS_PATHWAY
-0.527068155845,15,0.033,PID_CIRCADIAN_PATHWAY
-0.362138823566,52,0.033,PID_AR_TF_PATHWAY
0.29483544985,65,0.033,PID_BCR_5PATHWAY
0.323087344243,47,0.033,REACTOME_P53_INDEPENDENT_G1_S_DNA_DAMAGE_CHECKPOINT
0.384086872566,27,0.033,PID_GLYPICAN_1PATHWAY
0.384963257861,27,0.033,REACTOME_DEGRADATION_OF_THE_EXTRACELLULAR_MATRIX
0.413276218938,21,0.033,REACTOME_ADP_SIGNALLING_THROUGH_P2RY1
0.481461608802,14,0.033,BIOCARTA_IL22BP_PATHWAY
-0.532930285657,15,0.034,REACTOME_CYCLIN_A_B1_ASSOCIATED_EVENTS_DURING_G2_M_TRANSITION
-0.333237336512,64,0.034,PID_HDAC_CLASSI_PATHWAY
0.309113500148,56,0.034,KEGG_GLYCOLYSIS_GLUCONEOGENESIS
0.377725504619,30,0.034,KEGG_BUTANOATE_METABOLISM
0.460157396373,19,0.034,KEGG_GLYCOSAMINOGLYCAN_DEGRADATION
0.277465862531,69,0.035,KEGG_RENAL_CELL_CARCINOMA
0.457623452803,17,0.035,SA_TRKA_RECEPTOR
0.542707264115,11,0.035,REACTOME_THE_ACTIVATION_OF_ARYLSULFATASES
-0.398040740541,32,0.036,KEGG_BASAL_TRANSCRIPTION_FACTORS
-0.306921273319,105,0.036,PID_ERBB1_DOWNSTREAM_PATHWAY
-0.294217828813,118,0.036,REACTOME_MEMBRANE_TRAFFICKING
0.290449304314,65,0.036,PID_HIF1_TFPATHWAY
0.246968869304,120,0.037,REACTOME_SIGNALING_BY_THE_B_CELL_RECEPTOR_BCR
0.502791897047,12,0.037,BIOCARTA_CLASSIC_PATHWAY
0.745013934674,4,0.037,REACTOME_SEROTONIN_RECEPTORS
0.256062894291,91,0.038,KEGG_FC_GAMMA_R_MEDIATED_PHAGOCYTOSIS
0.483253544091,14,0.038,REACTOME_UNBLOCKING_OF_NMDA_RECEPTOR_GLUTAMATE_BINDING_AND_ACTIVATION
-0.487536506401,17,0.039,BIOCARTA_ARAP_PATHWAY
0.285378160047,69,0.039,REACTOME_NFKB_AND_MAP_KINASES_ACTIVATION_MEDIATED_BY_TLR4_SIGNALING_REPERTOIRE
0.351429720116,31,0.039,BIOCARTA_IL1R_PATHWAY
0.469691580837,15,0.039,REACTOME_OTHER_SEMAPHORIN_INTERACTIONS
0.569984044431,10,0.039,REACTOME_SYNTHESIS_SECRETION_AND_INACTIVATION_OF_GIP
0.576910226547,9,0.039,REACTOME_DEFENSINS
-0.335364643069,69,0.04,REACTOME_MEIOSIS
-0.322131755449,77,0.04,PID_MYC_ACTIV_PATHWAY
0.211848361144,193,0.04,KEGG_REGULATION_OF_ACTIN_CYTOSKELETON
0.347859225117,34,0.04,SIG_CD40PATHWAYMAP
0.358488619887,35,0.04,REACTOME_REGULATION_OF_INSULIN_SECRETION_BY_GLUCAGON_LIKE_PEPTIDE1
0.40922407909,23,0.04,REACTOME_PACKAGING_OF_TELOMERE_ENDS
0.464934303618,14,0.04,REACTOME_HYALURONAN_METABOLISM
-0.330710104291,71,0.042,REACTOME_CELL_JUNCTION_ORGANIZATION
0.460863823767,16,0.042,BIOCARTA_LAIR_PATHWAY
-0.445825787585,23,0.043,PID_INSULIN_GLUCOSE_PATHWAY
0.275604233008,73,0.043,KEGG_B_CELL_RECEPTOR_SIGNALING_PATHWAY
0.287529033623,63,0.043,PID_AP1_PATHWAY
0.323371685879,43,0.043,PID_HNF3A_PATHWAY
-0.328212178241,70,0.044,REACTOME_TRANSCRIPTIONAL_REGULATION_OF_WHITE_ADIPOCYTE_DIFFERENTIATION
0.325515403827,38,0.044,REACTOME_IL1_SIGNALING
0.397817963114,22,0.044,REACTOME_PYRIMIDINE_METABOLISM
-0.436623542626,23,0.045,REACTOME_REGULATION_OF_BETA_CELL_DEVELOPMENT
0.546871994071,10,0.045,REACTOME_HYALURONAN_UPTAKE_AND_DEGRADATION
-0.620153423941,8,0.047,SA_G2_AND_M_PHASES
-0.481620788995,18,0.047,REACTOME_FATTY_ACYL_COA_BIOSYNTHESIS
0.300701657947,49,0.047,REACTOME_DESTABILIZATION_OF_MRNA_BY_AUF1_HNRNP_D0
0.439063393095,17,0.047,REACTOME_ABCA_TRANSPORTERS_IN_LIPID_HOMEOSTASIS
0.44796869126,16,0.047,REACTOME_OXYGEN_DEPENDENT_PROLINE_HYDROXYLATION_OF_HYPOXIA_INDUCIBLE_FACTOR_ALPHA
-0.29546826742,103,0.048,KEGG_OOCYTE_MEIOSIS
0.279212120903,61,0.048,PID_TRKR_PATHWAY
0.624162920565,6,0.048,BIOCARTA_NEUROTRANSMITTERS_PATHWAY
-0.368471310981,46,0.049,PID_LKB1_PATHWAY
0.255039332392,91,0.049,REACTOME_DOWNSTREAM_SIGNALING_EVENTS_OF_B_CELL_RECEPTOR_BCR
-0.405069439735,30,0.05,PID_AURORA_A_PATHWAY
0.309166083275,46,0.05,REACTOME_MUSCLE_CONTRACTION
-0.43725665265,23,0.051,REACTOME_AMINE_COMPOUND_SLC_TRANSPORTERS
-0.36513315282,43,0.051,REACTOME_MEIOTIC_SYNAPSIS
0.314300103152,44,0.051,PID_HNF3B_PATHWAY
0.454150740435,14,0.051,REACTOME_NRIF_SIGNALS_CELL_DEATH_FROM_THE_NUCLEUS
0.504785449455,10,0.051,REACTOME_TRYPTOPHAN_CATABOLISM
0.505681204086,11,0.051,REACTOME_TRAFFICKING_AND_PROCESSING_OF_ENDOSOMAL_TLR
-0.618143872693,8,0.052,REACTOME_INTEGRATION_OF_PROVIRUS
0.237073504878,120,0.052,REACTOME_NEUROTRANSMITTER_RECEPTOR_BINDING_AND_DOWNSTREAM_TRANSMISSION_IN_THE_POSTSYNAPTIC_CELL
0.321711323353,41,0.052,KEGG_PROTEASOME
-0.441036845789,21,0.053,REACTOME_MITOCHONDRIAL_TRNA_AMINOACYLATION
-0.435678508227,23,0.053,REACTOME_RNA_POL_I_TRANSCRIPTION_INITIATION
-0.310763610989,81,0.053,KEGG_PROGESTERONE_MEDIATED_OOCYTE_MATURATION
0.414932853072,18,0.053,BIOCARTA_GCR_PATHWAY
0.575240236935,8,0.053,ST_TYPE_I_INTERFERON_PATHWAY
-0.382784960125,35,0.054,KEGG_DNA_REPLICATION
-0.364201362742,43,0.054,REACTOME_NRAGE_SIGNALS_DEATH_THROUGH_JNK
0.335071611595,35,0.055,PID_HIV_NEF_PATHWAY
0.509100062166,10,0.055,REACTOME_PROLACTIN_RECEPTOR_SIGNALING
-0.448232717866,20,0.056,PID_PDGFRA_PATHWAY
0.220200082467,154,0.056,REACTOME_GASTRIN_CREB_SIGNALLING_PATHWAY_VIA_PKC_AND_MAPK
0.393945643671,22,0.056,KEGG_PROTEIN_EXPORT
0.411616518521,18,0.056,BIOCARTA_NDKDYNAMIN_PATHWAY
0.423272334979,17,0.056,REACTOME_BRANCHED_CHAIN_AMINO_ACID_CATABOLISM
0.459271678731,12,0.056,REACTOME_ERKS_ARE_INACTIVATED
-0.455154138917,19,0.057,KEGG_MATURITY_ONSET_DIABETES_OF_THE_YOUNG
-0.45428340378,20,0.057,REACTOME_PEROXISOMAL_LIPID_METABOLISM
0.363821220984,24,0.057,KEGG_PENTOSE_AND_GLUCURONATE_INTERCONVERSIONS
0.396845564599,21,0.057,PID_S1P_META_PATHWAY
0.466056118103,12,0.057,BIOCARTA_FIBRINOLYSIS_PATHWAY
-0.383019805689,33,0.058,PID_IL2_PI3K_PATHWAY
-0.3064177481,81,0.058,ST_INTEGRIN_SIGNALING_PATHWAY
0.360689612934,25,0.058,REACTOME_PTM_GAMMA_CARBOXYLATION_HYPUSINE_FORMATION_AND_ARYLSULFATASE_ACTIVATION
0.370876656829,22,0.058,KEGG_ASCORBATE_AND_ALDARATE_METABOLISM
0.504007285531,12,0.058,PID_CONE_PATHWAY
0.548784734398,9,0.058,PID_VEGF_VEGFR_PATHWAY
-0.419820365342,23,0.059,REACTOME_PRE_NOTCH_TRANSCRIPTION_AND_TRANSLATION
-0.427050152515,22,0.06,BIOCARTA_MTOR_PATHWAY
-0.426895815007,23,0.06,KEGG_GLYCOSPHINGOLIPID_BIOSYNTHESIS_LACTO_AND_NEOLACTO_SERIES
-0.407583176089,25,0.06,ST_INTERLEUKIN_4_PATHWAY
0.351331150121,28,0.06,REACTOME_THROMBIN_SIGNALLING_THROUGH_PROTEINASE_ACTIVATED_RECEPTORS_PARS
0.353999500763,28,0.06,BIOCARTA_PROTEASOME_PATHWAY
0.375893754408,22,0.06,KEGG_GLYCOSAMINOGLYCAN_BIOSYNTHESIS_HEPARAN_SULFATE
0.502965870879,11,0.06,BIOCARTA_CDK5_PATHWAY
0.528262064774,9,0.06,REACTOME_PLATELET_ADHESION_TO_EXPOSED_COLLAGEN
-0.456713012918,17,0.061,REACTOME_DEADENYLATION_OF_MRNA
0.617061755341,6,0.061,REACTOME_FGFR2C_LIGAND_BINDING_AND_ACTIVATION
0.206494799835,203,0.062,REACTOME_METABOLISM_OF_MRNA
0.418079615396,17,0.062,BIOCARTA_PML_PATHWAY
0.575484875046,7,0.062,REACTOME_FGFR1_LIGAND_BINDING_AND_ACTIVATION
-0.469395564125,17,0.063,BIOCARTA_ARF_PATHWAY
-0.356646916173,41,0.063,PID_BMP_PATHWAY
0.265728359251,66,0.063,PID_INTEGRIN1_PATHWAY
0.431716801391,15,0.063,REACTOME_P130CAS_LINKAGE_TO_MAPK_SIGNALING_FOR_INTEGRINS
0.360774146245,25,0.064,REACTOME_ACTIVATED_NOTCH1_TRANSMITS_SIGNAL_TO_THE_NUCLEUS
-0.52339709233,11,0.065,BIOCARTA_PTC1_PATHWAY
-0.480961166913,15,0.065,BIOCARTA_HIF_PATHWAY
-0.347075214586,46,0.065,KEGG_N_GLYCAN_BIOSYNTHESIS
-0.324102382161,63,0.065,REACTOME_ANTIVIRAL_MECHANISM_BY_IFN_STIMULATED_GENES
-0.290076231771,100,0.065,REACTOME_FACTORS_INVOLVED_IN_MEGAKARYOCYTE_DEVELOPMENT_AND_PLATELET_PRODUCTION
-0.457817115626,15,0.066,KEGG_TERPENOID_BACKBONE_BIOSYNTHESIS
-0.388566386871,30,0.066,PID_IGF1_PATHWAY
-0.279260492255,105,0.066,REACTOME_S_PHASE
0.267673053111,67,0.066,REACTOME_METABOLISM_OF_NUCLEOTIDES
0.2717049321,64,0.066,REACTOME_SEMAPHORIN_INTERACTIONS
0.437053640713,14,0.066,BIOCARTA_BARRESTIN_SRC_PATHWAY
-0.515879180006,11,0.067,REACTOME_PURINE_RIBONUCLEOSIDE_MONOPHOSPHATE_BIOSYNTHESIS
0.516506775392,9,0.067,REACTOME_VEGF_LIGAND_RECEPTOR_INTERACTIONS
0.678017413129,4,0.067,REACTOME_BINDING_AND_ENTRY_OF_HIV_VIRION
0.270803518865,62,0.068,REACTOME_CYCLIN_E_ASSOCIATED_EVENTS_DURING_G1_S_TRANSITION_
0.436622518403,13,0.068,REACTOME_EXTRINSIC_PATHWAY_FOR_APOPTOSIS
0.442190193248,14,0.068,BIOCARTA_IL3_PATHWAY
0.486800834895,10,0.068,REACTOME_IL_6_SIGNALING
0.510077020519,9,0.068,REACTOME_ACTIVATED_POINT_MUTANTS_OF_FGFR2
-0.27395792563,131,0.069,KEGG_UBIQUITIN_MEDIATED_PROTEOLYSIS
-0.447353073982,17,0.07,REACTOME_G1_S_SPECIFIC_TRANSCRIPTION
-0.460578832243,17,0.072,REACTOME_PHOSPHORYLATION_OF_THE_APC_C
-0.433588865975,20,0.072,PID_WNT_CANONICAL_PATHWAY
-0.380148731932,27,0.072,PID_WNT_SIGNALING_PATHWAY
-0.326022397867,54,0.072,KEGG_NON_SMALL_CELL_LUNG_CANCER
0.369791732074,22,0.072,BIOCARTA_PGC1A_PATHWAY
0.405800437965,16,0.072,REACTOME_PLATELET_SENSITIZATION_BY_LDL
-0.481949071987,12,0.073,REACTOME_INHIBITION_OF_REPLICATION_INITIATION_OF_DAMAGED_DNA_BY_RB1_E2F1
-0.360887901378,37,0.073,ST_PHOSPHOINOSITIDE_3_KINASE_PATHWAY
0.316557634486,33,0.073,PID_MAPK_TRK_PATHWAY
0.391586231939,17,0.073,KEGG_ONE_CARBON_POOL_BY_FOLATE
-0.372851730364,35,0.074,ST_G_ALPHA_I_PATHWAY
-0.356012731766,36,0.074,REACTOME_TRANSCRIPTIONAL_ACTIVITY_OF_SMAD2_SMAD3_SMAD4_HETEROTRIMER
-0.296189487436,90,0.074,REACTOME_DOWNSTREAM_SIGNAL_TRANSDUCTION
0.359897666377,26,0.074,BIOCARTA_HDAC_PATHWAY
0.376775914123,21,0.074,REACTOME_ERK_MAPK_TARGETS
0.463627538993,11,0.074,ST_STAT3_PATHWAY
0.550513038358,8,0.074,REACTOME_ANDROGEN_BIOSYNTHESIS
-0.342139324235,50,0.075,PID_FGF_PATHWAY
-0.339116460553,46,0.075,PID_DELTA_NP63_PATHWAY
-0.323953062802,59,0.075,REACTOME_PI3K_CASCADE
0.301033124433,44,0.075,REACTOME_NUCLEOTIDE_BINDING_DOMAIN_LEUCINE_RICH_REPEAT_CONTAINING_RECEPTOR_NLR_SIGNALING_PATHWAYS
0.39274998048,19,0.075,BIOCARTA_NOS1_PATHWAY
0.407863512044,15,0.075,REACTOME_TRAFFICKING_OF_GLUR2_CONTAINING_AMPA_RECEPTORS
0.424346000631,14,0.075,REACTOME_CREB_PHOSPHORYLATION_THROUGH_THE_ACTIVATION_OF_CAMKII
-0.36405871219,36,0.076,REACTOME_TRIGLYCERIDE_BIOSYNTHESIS
0.28996698558,46,0.076,KEGG_DRUG_METABOLISM_OTHER_ENZYMES
0.509795058042,9,0.077,REACTOME_IKK_COMPLEX_RECRUITMENT_MEDIATED_BY_RIP1
-0.498766455672,12,0.078,BIOCARTA_ACE2_PATHWAY
-0.228735360758,381,0.078,REACTOME_TRANSMEMBRANE_TRANSPORT_OF_SMALL_MOLECULES
0.251952271453,72,0.079,REACTOME_TRIF_MEDIATED_TLR3_SIGNALING
0.353410218012,22,0.079,BIOCARTA_HER2_PATHWAY
0.430545995717,14,0.079,PID_TCR_JNK_PATHWAY
0.37836804986,19,0.08,BIOCARTA_TGFB_PATHWAY
0.415174384589,15,0.08,REACTOME_GLUCURONIDATION
0.506751674768,8,0.08,REACTOME_ACETYLCHOLINE_NEUROTRANSMITTER_RELEASE_CYCLE
0.292304909948,42,0.082,PID_CXCR3_PATHWAY
-0.328927055384,49,0.083,REACTOME_CIRCADIAN_CLOCK
-0.485955880117,13,0.084,BIOCARTA_PS1_PATHWAY
-0.449281143881,17,0.084,PID_NFKAPPAB_ATYPICAL_PATHWAY
-0.319221293132,58,0.084,PID_P53_REGULATION_PATHWAY
-0.29844108509,75,0.084,REACTOME_INSULIN_RECEPTOR_SIGNALLING_CASCADE
0.259473105984,65,0.084,REACTOME_CLASS_B_2_SECRETIN_FAMILY_RECEPTORS
0.506555962365,8,0.084,BIOCARTA_FEEDER_PATHWAY
-0.297362915624,76,0.085,PID_P73PATHWAY
0.330685189325,30,0.085,REACTOME_GLUCONEOGENESIS
-0.4881425222,13,0.086,REACTOME_ACTIVATION_OF_RAC
0.302659439146,37,0.086,REACTOME_REGULATION_OF_WATER_BALANCE_BY_RENAL_AQUAPORINS
0.348449954868,23,0.086,BIOCARTA_CTCF_PATHWAY
0.225556995076,101,0.087,REACTOME_SIGNALING_BY_ILS
0.316770239702,31,0.087,PID_AR_NONGENOMIC_PATHWAY
0.33901289691,24,0.087,PID_ALK1_PATHWAY
0.350666796496,24,0.087,REACTOME_NUCLEAR_EVENTS_KINASE_AND_TRANSCRIPTION_FACTOR_ACTIVATION
-0.436389637693,17,0.088,REACTOME_SIGNALING_BY_CONSTITUTIVELY_ACTIVE_EGFR
0.254885462304,63,0.088,PID_MYC_REPRESS_PATHWAY
0.263295474958,64,0.088,REACTOME_APC_C_CDC20_MEDIATED_DEGRADATION_OF_MITOTIC_PROTEINS
-0.470442436562,13,0.089,REACTOME_POL_SWITCHING
-0.28670446816,87,0.089,KEGG_PROSTATE_CANCER
-0.331354305151,46,0.09,REACTOME_NUCLEAR_RECEPTOR_TRANSCRIPTION_PATHWAY
0.334047618118,25,0.09,REACTOME_TRANSFERRIN_ENDOCYTOSIS_AND_RECYCLING
0.337577820653,27,0.09,REACTOME_FORMATION_OF_FIBRIN_CLOT_CLOTTING_CASCADE
0.459300813002,11,0.09,BIOCARTA_PARKIN_PATHWAY
0.467720454382,10,0.09,REACTOME_ETHANOL_OXIDATION
-0.369379011068,30,0.091,PID_NECTIN_PATHWAY
0.40080652693,15,0.091,BIOCARTA_HSP27_PATHWAY
-0.354002543128,36,0.092,REACTOME_GLUCOSE_TRANSPORT
-0.333701434908,45,0.092,PID_ILK_PATHWAY
0.359665030429,23,0.093,REACTOME_DARPP_32_EVENTS
-0.284667774169,89,0.094,REACTOME_TRANSPORT_OF_INORGANIC_CATIONS_ANIONS_AND_AMINO_ACIDS_OLIGOPEPTIDES
0.305238926255,31,0.095,PID_SYNDECAN_4_PATHWAY
0.387626683764,16,0.095,REACTOME_RAS_ACTIVATION_UOPN_CA2_INFUX_THROUGH_NMDA_RECEPTOR
-0.250762224011,163,0.096,REACTOME_TRANSCRIPTION
0.204079207036,165,0.096,REACTOME_TRANSMISSION_ACROSS_CHEMICAL_SYNAPSES
0.277728180882,49,0.096,KEGG_STEROID_HORMONE_BIOSYNTHESIS
0.303695353373,33,0.096,REACTOME_DOWNSTREAM_TCR_SIGNALING
0.338795060831,23,0.096,REACTOME_SMOOTH_MUSCLE_CONTRACTION
0.42156199997,12,0.096,REACTOME_REGULATION_OF_COMPLEMENT_CASCADE
0.325287229983,26,0.098,REACTOME_RNA_POL_I_PROMOTER_OPENING
0.389254019457,16,0.098,REACTOME_INCRETIN_SYNTHESIS_SECRETION_AND_INACTIVATION
0.411337364416,14,0.098,REACTOME_SYNTHESIS_SECRETION_AND_INACTIVATION_OF_GLP1
0.43559411988,11,0.098,KEGG_SULFUR_METABOLISM
-0.368670846453,27,0.099,REACTOME_PKB_MEDIATED_EVENTS
0.369147602527,17,0.099,REACTOME_ARMS_MEDIATED_ACTIVATION
0.474271107776,10,0.099,REACTOME_P2Y_RECEPTORS
-0.340000595743,42,0.1,REACTOME_PI3K_EVENTS_IN_ERBB2_SIGNALING
-0.271255827355,121,0.1,KEGG_TIGHT_JUNCTION
0.28713723179,38,0.1,KEGG_SNARE_INTERACTIONS_IN_VESICULAR_TRANSPORT
0.300678383318,34,0.1,REACTOME_NUCLEAR_SIGNALING_BY_ERBB4
0.345673931385,21,0.101,REACTOME_INHIBITION_OF_VOLTAGE_GATED_CA2_CHANNELS_VIA_GBETA_GAMMA_SUBUNITS
-0.4335966357,17,0.102,REACTOME_ACTIVATED_TAK1_MEDIATES_P38_MAPK_ACTIVATION
-0.396946195153,22,0.102,REACTOME_METAL_ION_SLC_TRANSPORTERS
0.205736498681,171,0.102,NABA_ECM_GLYCOPROTEINS
0.271033146931,49,0.102,PID_PI3KCI_PATHWAY
0.409483107741,13,0.102,REACTOME_RETROGRADE_NEUROTROPHIN_SIGNALLING
-0.358498160666,30,0.103,PID_RETINOIC_ACID_PATHWAY
0.320745916496,27,0.103,REACTOME_TRAFFICKING_OF_AMPA_RECEPTORS
0.336994267895,23,0.103,BIOCARTA_GLEEVEC_PATHWAY
0.385892691817,15,0.103,KEGG_RIBOFLAVIN_METABOLISM
-0.458772471934,13,0.104,KEGG_NON_HOMOLOGOUS_END_JOINING
0.292292152678,36,0.104,REACTOME_IRON_UPTAKE_AND_TRANSPORT
-0.328955949459,46,0.105,REACTOME_ION_CHANNEL_TRANSPORT
-0.307390734396,58,0.105,PID_FAK_PATHWAY
-0.26418698833,117,0.105,REACTOME_SIGNALING_BY_PDGF
0.197298115567,186,0.106,REACTOME_HIV_INFECTION
0.267840933029,51,0.106,KEGG_ARACHIDONIC_ACID_METABOLISM
0.358505192448,17,0.107,BIOCARTA_ERK5_PATHWAY
-0.499839731385,10,0.108,BIOCARTA_RNA_PATHWAY
0.211274558236,118,0.108,REACTOME_HOST_INTERACTIONS_OF_HIV_FACTORS
0.356938696477,21,0.108,PID_S1P_S1P1_PATHWAY
0.189492043044,194,0.109,KEGG_FOCAL_ADHESION
0.282251221903,42,0.109,KEGG_FATTY_ACID_METABOLISM
-0.404541865701,18,0.11,BIOCARTA_CARDIACEGF_PATHWAY
0.270742210057,42,0.11,REACTOME_AQUAPORIN_MEDIATED_TRANSPORT
0.314864785697,28,0.11,PID_TRAIL_PATHWAY
0.365123116417,17,0.111,BIOCARTA_CCR5_PATHWAY
0.244156304942,74,0.112,REACTOME_TRAF6_MEDIATED_INDUCTION_OF_NFKB_AND_MAP_KINASES_UPON_TLR7_8_OR_9_ACTIVATION
-0.473157303631,12,0.113,REACTOME_REGULATION_OF_PYRUVATE_DEHYDROGENASE_PDH_COMPLEX
0.263767167275,53,0.113,REACTOME_CDT1_ASSOCIATION_WITH_THE_CDC6_ORC_ORIGIN_COMPLEX
0.304597723209,29,0.113,PID_S1P_S1P3_PATHWAY
0.346686081449,20,0.113,REACTOME_ACYL_CHAIN_REMODELLING_OF_PE
-0.365005552352,25,0.114,REACTOME_SMAD2_SMAD3_SMAD4_HETEROTRIMER_REGULATES_TRANSCRIPTION
0.353427806514,19,0.114,REACTOME_DOWNREGULATION_OF_SMAD2_3_SMAD4_TRANSCRIPTIONAL_ACTIVITY
-0.342844281544,32,0.115,BIOCARTA_RHO_PATHWAY
0.294438341738,34,0.115,BIOCARTA_BCR_PATHWAY
-0.356512763083,29,0.116,BIOCARTA_NO1_PATHWAY
0.289681449739,33,0.116,REACTOME_PLATELET_AGGREGATION_PLUG_FORMATION
0.33593886345,21,0.117,REACTOME_CTLA4_INHIBITORY_SIGNALING
0.392765760443,14,0.117,PID_RHODOPSIN_PATHWAY
-0.41267043784,18,0.118,BIOCARTA_ETS_PATHWAY
0.209431810113,119,0.118,REACTOME_DIABETES_PATHWAYS
-0.364113102013,26,0.119,PID_VEGFR1_PATHWAY
-0.329112939972,38,0.119,REACTOME_PRE_NOTCH_EXPRESSION_AND_PROCESSING
0.31216065544,30,0.12,REACTOME_MAPK_TARGETS_NUCLEAR_EVENTS_MEDIATED_BY_MAP_KINASES
0.341550136864,20,0.12,REACTOME_NEF_MEDIATES_DOWN_MODULATION_OF_CELL_SURFACE_RECEPTORS_BY_RECRUITING_THEM_TO_CLATHRIN_ADAPTERS
0.396461581376,14,0.12,KEGG_GLYCOSAMINOGLYCAN_BIOSYNTHESIS_KERATAN_SULFATE
0.279367717023,36,0.121,PID_ERBB4_PATHWAY
-0.294054280617,68,0.122,PID_MTOR_4PATHWAY
0.234677879855,80,0.122,REACTOME_CELL_SURFACE_INTERACTIONS_AT_THE_VASCULAR_WALL
0.297956688811,34,0.122,REACTOME_GABA_B_RECEPTOR_ACTIVATION
0.465104566882,9,0.122,BIOCARTA_FREE_PATHWAY
-0.424599014596,16,0.123,REACTOME_TIE2_SIGNALING
0.248714612947,62,0.123,KEGG_COLORECTAL_CANCER
0.369881118048,15,0.123,KEGG_OTHER_GLYCAN_DEGRADATION
-0.441967052739,14,0.124,REACTOME_MRNA_DECAY_BY_5_TO_3_EXORIBONUCLEASE
0.259021732035,52,0.124,PID_KIT_PATHWAY
0.379650649648,14,0.124,PID_S1P_S1P4_PATHWAY
0.404292735721,11,0.124,REACTOME_REGULATION_OF_IFNA_SIGNALING
-0.339197643024,36,0.125,REACTOME_GAB1_SIGNALOSOME
0.271667207545,39,0.126,REACTOME_RNA_POL_II_TRANSCRIPTION_PRE_INITIATION_AND_PROMOTER_OPENING
0.424086647279,11,0.126,BIOCARTA_BARR_MAPK_PATHWAY
0.330451621278,22,0.127,BIOCARTA_CERAMIDE_PATHWAY
-0.309134794728,44,0.128,REACTOME_NOTCH1_INTRACELLULAR_DOMAIN_REGULATES_TRANSCRIPTION
0.255083272569,50,0.128,BIOCARTA_NFAT_PATHWAY
-0.408257629876,17,0.129,REACTOME_DESTABILIZATION_OF_MRNA_BY_TRISTETRAPROLIN_TTP
0.254220751661,54,0.129,PID_TAP63_PATHWAY
0.312054537415,27,0.129,BIOCARTA_ERK_PATHWAY
0.371459572357,15,0.129,BIOCARTA_CD40_PATHWAY
-0.431594667934,15,0.13,REACTOME_ZINC_TRANSPORTERS
0.408616747578,11,0.13,REACTOME_REVERSIBLE_HYDRATION_OF_CARBON_DIOXIDE
0.373472700325,14,0.131,REACTOME_SIGNALLING_TO_P38_VIA_RIT_AND_RIN
0.32202911585,24,0.132,ST_MYOCYTE_AD_PATHWAY
0.257319139306,46,0.133,REACTOME_FORMATION_OF_THE_TERNARY_COMPLEX_AND_SUBSEQUENTLY_THE_43S_COMPLEX
0.235887159644,63,0.134,KEGG_MELANOMA
-0.350341903698,27,0.135,KEGG_HOMOLOGOUS_RECOMBINATION
0.450343676798,9,0.135,REACTOME_MEMBRANE_BINDING_AND_TARGETTING_OF_GAG_PROTEINS
-0.350106420733,27,0.136,REACTOME_EXTENSION_OF_TELOMERES
-0.317105658495,41,0.136,PID_ERBB1_INTERNALIZATION_PATHWAY
0.251794109267,52,0.136,KEGG_ARGININE_AND_PROLINE_METABOLISM
-0.390690875357,20,0.137,REACTOME_RNA_POL_I_TRANSCRIPTION_TERMINATION
0.31611220078,22,0.137,REACTOME_INSULIN_RECEPTOR_RECYCLING
0.352990543626,18,0.137,BIOCARTA_MEF2D_PATHWAY
0.366093832231,15,0.137,REACTOME_RAP1_SIGNALLING
-0.295966829088,58,0.138,REACTOME_CELL_DEATH_SIGNALLING_VIA_NRAGE_NRIF_AND_NADE
0.387191297917,13,0.138,BIOCARTA_P27_PATHWAY
0.428161945248,10,0.138,REACTOME_NOREPINEPHRINE_NEUROTRANSMITTER_RELEASE_CYCLE
-0.367985298516,25,0.139,PID_MYC_PATHWAY
0.335189159229,19,0.139,KEGG_REGULATION_OF_AUTOPHAGY
0.397988322225,12,0.139,REACTOME_REGULATION_OF_IFNG_SIGNALING
-0.255885691576,129,0.14,REACTOME_MITOTIC_G1_G1_S_PHASES
0.230146194405,64,0.141,REACTOME_PHASE_II_CONJUGATION
0.300214542514,26,0.141,REACTOME_RNA_POL_III_TRANSCRIPTION_INITIATION_FROM_TYPE_3_PROMOTER
0.329376347285,19,0.141,BIOCARTA_MAL_PATHWAY
0.330846850734,19,0.141,BIOCARTA_EPO_PATHWAY
-0.338590911912,34,0.142,BIOCARTA_CARM_ER_PATHWAY
0.311317073361,26,0.142,BIOCARTA_EDG1_PATHWAY
0.354823291743,15,0.142,REACTOME_GRB2_SOS_PROVIDES_LINKAGE_TO_MAPK_SIGNALING_FOR_INTERGRINS_
-0.378652477181,20,0.143,REACTOME_FORMATION_OF_TUBULIN_FOLDING_INTERMEDIATES_BY_CCT_TRIC
0.287270997431,34,0.143,PID_EPO_PATHWAY
0.276269648721,39,0.144,BIOCARTA_P38MAPK_PATHWAY
-0.255119956146,114,0.145,REACTOME_SIGNALING_BY_FGFR_IN_DISEASE
-0.456686949535,10,0.146,REACTOME_GABA_A_RECEPTOR_ACTIVATION
-0.293321715819,52,0.146,KEGG_PATHOGENIC_ESCHERICHIA_COLI_INFECTION
0.254513365559,46,0.147,BIOCARTA_KERATINOCYTE_PATHWAY
0.344957629708,17,0.147,REACTOME_ACTIVATED_AMPK_STIMULATES_FATTY_ACID_OXIDATION_IN_MUSCLE
0.241300548581,55,0.148,PID_ATF2_PATHWAY
0.50691885155,6,0.149,REACTOME_SIGNALING_BY_FGFR3_MUTANTS
-0.428663451633,13,0.15,BIOCARTA_RANKL_PATHWAY
-0.395910677521,17,0.15,REACTOME_DESTABILIZATION_OF_MRNA_BY_BRF1
-0.311870553126,37,0.15,ST_GA13_PATHWAY
-0.471760153189,9,0.151,BIOCARTA_SARS_PATHWAY
0.219974241871,78,0.152,PID_CMYB_PATHWAY
0.286144774633,31,0.152,ST_ERK1_ERK2_MAPK_PATHWAY
-0.295477634068,55,0.153,PID_TGFBR_PATHWAY
0.295572620335,26,0.153,PID_RXR_VDR_PATHWAY
-0.346043053075,27,0.156,SIG_IL4RECEPTOR_IN_B_LYPHOCYTES
0.282499035851,32,0.156,BIOCARTA_GPCR_PATHWAY
-0.309000852831,42,0.157,PID_TCPTP_PATHWAY
0.372602937723,12,0.157,REACTOME_SIGNALING_BY_NOTCH4
0.22892743045,63,0.158,REACTOME_APC_C_CDH1_MEDIATED_DEGRADATION_OF_CDC20_AND_OTHER_APC_C_CDH1_TARGETED_PROTEINS_IN_LATE_MITOSIS_EARLY_G1
0.338194157916,16,0.158,BIOCARTA_P53_PATHWAY
0.454181081422,8,0.158,REACTOME_PURINE_CATABOLISM
-0.346145192676,26,0.159,BIOCARTA_RACCYCD_PATHWAY
-0.405817668974,15,0.16,KEGG_ALPHA_LINOLENIC_ACID_METABOLISM
-0.311971958466,37,0.161,REACTOME_DEPOSITION_OF_NEW_CENPA_CONTAINING_NUCLEOSOMES_AT_THE_CENTROMERE
0.245199322072,50,0.161,REACTOME_METABOLISM_OF_VITAMINS_AND_COFACTORS
0.370758451875,12,0.161,REACTOME_SIGNALING_BY_NOTCH2
0.32174295796,21,0.162,REACTOME_ACYL_CHAIN_REMODELLING_OF_PC
0.264387340975,35,0.163,KEGG_TRYPTOPHAN_METABOLISM
-0.454073412709,11,0.164,BIOCARTA_SRCRPTP_PATHWAY
-0.249762931228,110,0.164,REACTOME_CELL_CYCLE_CHECKPOINTS
-0.470577249305,9,0.165,REACTOME_COPI_MEDIATED_TRANSPORT
0.198648231022,127,0.165,REACTOME_BIOLOGICAL_OXIDATIONS
0.302689681826,22,0.165,BIOCARTA_CHEMICAL_PATHWAY
-0.338115934747,26,0.167,BIOCARTA_GSK3_PATHWAY
-0.321606628911,33,0.167,REACTOME_ION_TRANSPORT_BY_P_TYPE_ATPASES
-0.396891732077,15,0.168,REACTOME_CTNNB1_PHOSPHORYLATION_CASCADE
-0.349710423628,25,0.168,REACTOME_ADHERENS_JUNCTIONS_INTERACTIONS
-0.332558413084,28,0.168,REACTOME_BIOSYNTHESIS_OF_THE_N_GLYCAN_PRECURSOR_DOLICHOL_LIPID_LINKED_OLIGOSACCHARIDE_LLO_AND_TRANSFER_TO_A_NASCENT_PROTEIN
0.225396317863,66,0.169,KEGG_EPITHELIAL_CELL_SIGNALING_IN_HELICOBACTER_PYLORI_INFECTION
0.319882839944,19,0.169,REACTOME_PROLONGED_ERK_ACTIVATION_EVENTS
0.33160787711,16,0.169,REACTOME_PROTEOLYTIC_CLEAVAGE_OF_SNARE_COMPLEX_PROTEINS
0.328080328629,17,0.172,REACTOME_POST_CHAPERONIN_TUBULIN_FOLDING_PATHWAY
-0.422126985817,12,0.173,REACTOME_SYNTHESIS_OF_PIPS_AT_THE_EARLY_ENDOSOME_MEMBRANE
-0.399155194795,14,0.173,REACTOME_SEMA3A_PAK_DEPENDENT_AXON_REPULSION
0.277795812893,30,0.173,REACTOME_VOLTAGE_GATED_POTASSIUM_CHANNELS
0.255142013016,41,0.174,BIOCARTA_BIOPEPTIDES_PATHWAY
0.304378296152,23,0.174,PID_TCR_CALCIUM_PATHWAY
-0.395610273143,16,0.175,REACTOME_GLYCOGEN_BREAKDOWN_GLYCOGENOLYSIS
0.206709566135,79,0.175,KEGG_HYPERTROPHIC_CARDIOMYOPATHY_HCM
-0.273739931386,69,0.176,PID_VEGFR1_2_PATHWAY
-0.265216801155,79,0.176,REACTOME_P75_NTR_RECEPTOR_MEDIATED_SIGNALLING
-0.297366295378,46,0.178,REACTOME_PI_METABOLISM
-0.37998256252,16,0.179,REACTOME_SYNTHESIS_OF_PIPS_AT_THE_GOLGI_MEMBRANE
0.342166077942,15,0.18,REACTOME_GABA_SYNTHESIS_RELEASE_REUPTAKE_AND_DEGRADATION
-0.26976871504,70,0.182,KEGG_ARRHYTHMOGENIC_RIGHT_VENTRICULAR_CARDIOMYOPATHY_ARVC
-0.323047682279,29,0.184,BIOCARTA_MYOSIN_PATHWAY
0.296266378348,22,0.184,KEGG_NITROGEN_METABOLISM
-0.391933115373,14,0.186,REACTOME_TGF_BETA_RECEPTOR_SIGNALING_IN_EMT_EPITHELIAL_TO_MESENCHYMAL_TRANSITION
-0.261303816452,83,0.186,REACTOME_L1CAM_INTERACTIONS
0.220089279345,62,0.186,REACTOME_GLUCOSE_METABOLISM
0.286535256714,24,0.186,PID_LYMPH_ANGIOGENESIS_PATHWAY
-0.366902589373,16,0.187,REACTOME_CONVERSION_FROM_APC_C_CDC20_TO_APC_C_CDH1_IN_LATE_ANAPHASE
0.260170142493,31,0.187,KEGG_GLYCINE_SERINE_AND_THREONINE_METABOLISM
-0.264944974859,80,0.188,REACTOME_ASPARAGINE_N_LINKED_GLYCOSYLATION
-0.252848481699,96,0.188,REACTOME_SIGNALING_BY_ERBB2
0.334051176196,14,0.188,REACTOME_ACYL_CHAIN_REMODELLING_OF_PI
0.37212683814,11,0.188,REACTOME_RECYCLING_OF_BILE_ACIDS_AND_SALTS
-0.251519098315,96,0.189,REACTOME_RNA_POL_II_TRANSCRIPTION
0.389760228437,9,0.189,KEGG_TAURINE_AND_HYPOTAURINE_METABOLISM
0.380643001578,11,0.19,BIOCARTA_ETC_PATHWAY
-0.356299191731,21,0.192,BIOCARTA_INSULIN_PATHWAY
0.329389546162,16,0.192,PID_INTEGRIN5_PATHWAY
-0.420733650747,11,0.193,REACTOME_VITAMIN_B5_PANTOTHENATE_METABOLISM
0.271760424562,33,0.193,KEGG_SPHINGOLIPID_METABOLISM
0.283699981411,24,0.193,REACTOME_TGF_BETA_RECEPTOR_SIGNALING_ACTIVATES_SMADS
0.266885801649,33,0.194,PID_ALPHA_SYNUCLEIN_PATHWAY
0.38602011268,9,0.195,BIOCARTA_GABA_PATHWAY
-0.386082053046,15,0.196,BIOCARTA_CK1_PATHWAY
-0.33359814839,25,0.196,PID_IL3_PATHWAY
0.277251046632,27,0.196,REACTOME_INTEGRIN_ALPHAIIB_BETA3_SIGNALING
-0.396391517605,14,0.197,REACTOME_SYNTHESIS_OF_VERY_LONG_CHAIN_FATTY_ACYL_COAS
-0.34587878642,22,0.197,KEGG_MISMATCH_REPAIR
-0.311677197595,36,0.197,BIOCARTA_PAR1_PATHWAY
-0.388424637208,15,0.198,PID_ERBB_NETWORK_PATHWAY
0.232817041321,49,0.198,REACTOME_MAP_KINASE_ACTIVATION_IN_TLR_CASCADE
-0.374470149032,17,0.199,PID_SMAD2_3PATHWAY
-0.343777280525,24,0.199,REACTOME_SEMA4D_INDUCED_CELL_MIGRATION_AND_GROWTH_CONE_COLLAPSE
-0.323871162209,30,0.199,REACTOME_TRANSPORT_OF_VITAMINS_NUCLEOSIDES_AND_RELATED_MOLECULES
0.275350990792,26,0.2,REACTOME_GLYCOLYSIS
-0.331618674457,28,0.201,PID_IL2_STAT5_PATHWAY
0.250549781529,37,0.201,BIOCARTA_INTEGRIN_PATHWAY
0.328893491236,13,0.201,REACTOME_SPRY_REGULATION_OF_FGF_SIGNALING
-0.326459019319,28,0.202,ST_GAQ_PATHWAY
-0.323268941988,28,0.202,BIOCARTA_G1_PATHWAY
0.238908300886,48,0.203,REACTOME_MITOCHONDRIAL_PROTEIN_IMPORT
-0.381029778275,15,0.204,KEGG_RENIN_ANGIOTENSIN_SYSTEM
-0.425371253868,10,0.206,BIOCARTA_DNAFRAGMENT_PATHWAY
-0.361972882779,18,0.206,REACTOME_PYRUVATE_METABOLISM
-0.304763830468,36,0.206,REACTOME_PI3K_EVENTS_IN_ERBB4_SIGNALING
0.226893188701,57,0.206,PID_IL4_2PATHWAY
0.319835722321,18,0.206,BIOCARTA_STATHMIN_PATHWAY
-0.378753940257,16,0.207,REACTOME_JNK_C_JUN_KINASES_PHOSPHORYLATION_AND_ACTIVATION_MEDIATED_BY_ACTIVATED_HUMAN_TAK1
-0.323424156691,25,0.207,KEGG_O_GLYCAN_BIOSYNTHESIS
0.315061056164,15,0.207,ST_G_ALPHA_S_PATHWAY
0.384102220353,10,0.207,REACTOME_REMOVAL_OF_THE_FLAP_INTERMEDIATE_FROM_THE_C_STRAND
0.2629082068,28,0.208,PID_LIS1_PATHWAY
0.287286595015,22,0.208,REACTOME_MYOGENESIS
0.339903013102,12,0.208,BIOCARTA_TRKA_PATHWAY
0.220414370786,62,0.209,PID_ERA_GENOMIC_PATHWAY
0.228270816009,47,0.209,PID_IL6_7_PATHWAY
0.328180552909,13,0.21,REACTOME_CELL_EXTRACELLULAR_MATRIX_INTERACTIONS
0.36042063292,12,0.21,REACTOME_SIGNALING_BY_NOTCH3
0.3376132084,13,0.211,REACTOME_XENOBIOTICS
-0.358233161365,16,0.212,BIOCARTA_BCELLSURVIVAL_PATHWAY
0.324043044241,15,0.212,REACTOME_ACYL_CHAIN_REMODELLING_OF_PG
0.328653656035,14,0.212,REACTOME_ENDOGENOUS_STEROLS
0.201734016367,79,0.213,KEGG_ECM_RECEPTOR_INTERACTION
0.236285080156,44,0.213,PID_ERBB2_ERBB3_PATHWAY
0.289159047258,23,0.213,BIOCARTA_RAS_PATHWAY
0.237918073868,44,0.214,REACTOME_GABA_RECEPTOR_ACTIVATION
0.210169315766,76,0.215,REACTOME_REGULATION_OF_MITOTIC_CELL_CYCLE
-0.357273872809,17,0.216,SA_PTEN_PATHWAY
0.173399887784,181,0.216,REACTOME_PHOSPHOLIPID_METABOLISM
0.25642339321,34,0.216,KEGG_FRUCTOSE_AND_MANNOSE_METABOLISM
-0.354385702614,17,0.217,REACTOME_DESTABILIZATION_OF_MRNA_BY_KSRP
0.286895420848,21,0.217,KEGG_BETA_ALANINE_METABOLISM
0.337748960472,14,0.217,REACTOME_CRMPS_IN_SEMA3A_SIGNALING
0.344477595409,11,0.217,REACTOME_DOPAMINE_NEUROTRANSMITTER_RELEASE_CYCLE
0.223530515538,48,0.218,PID_CERAMIDE_PATHWAY
0.25998478198,31,0.219,PID_SYNDECAN_2_PATHWAY
0.263000947526,29,0.22,REACTOME_NEGATIVE_REGULATION_OF_FGFR_SIGNALING
0.454519705459,5,0.22,REACTOME_APOBEC3G_MEDIATED_RESISTANCE_TO_HIV1_INFECTION
-0.33069824391,21,0.221,REACTOME_GAP_JUNCTION_TRAFFICKING
-0.318471239287,29,0.221,REACTOME_NOD1_2_SIGNALING_PATHWAY
0.347450508693,11,0.221,REACTOME_RECEPTOR_LIGAND_BINDING_INITIATES_THE_SECOND_PROTEOLYTIC_CLEAVAGE_OF_NOTCH_RECEPTOR
0.243907333749,39,0.222,PID_IFNG_PATHWAY
0.264930652566,26,0.222,REACTOME_SPHINGOLIPID_DE_NOVO_BIOSYNTHESIS
-0.456223148493,7,0.223,REACTOME_REGULATION_OF_THE_FANCONI_ANEMIA_PATHWAY
0.163872565292,244,0.223,NABA_CORE_MATRISOME
0.249065953467,33,0.223,PID_HDAC_CLASSII_PATHWAY
-0.385106361633,13,0.224,REACTOME_LIGAND_GATED_ION_CHANNEL_TRANSPORT
0.249333595166,34,0.224,PID_ARF6_PATHWAY
0.205019728707,65,0.227,KEGG_LONG_TERM_POTENTIATION
0.264309185471,27,0.227,REACTOME_STRIATED_MUSCLE_CONTRACTION
0.272798173802,24,0.227,BIOCARTA_ECM_PATHWAY
0.312344179735,15,0.229,BIOCARTA_TALL1_PATHWAY
0.299040655704,18,0.231,REACTOME_BOTULINUM_NEUROTOXICITY
0.332681754346,14,0.231,REACTOME_ACYL_CHAIN_REMODELLING_OF_PS
-0.357543504653,15,0.232,PID_ERB_GENOMIC_PATHWAY
-0.314796955761,24,0.232,REACTOME_KERATAN_SULFATE_BIOSYNTHESIS
-0.298664634006,35,0.233,SIG_PIP3_SIGNALING_IN_B_LYMPHOCYTES
0.158640807082,220,0.233,REACTOME_METABOLISM_OF_CARBOHYDRATES
0.233372786481,39,0.233,PID_NFAT_TFPATHWAY
0.220658200938,46,0.235,SIG_BCR_SIGNALING_PATHWAY
-0.454043681762,8,0.236,REACTOME_IRAK2_MEDIATED_ACTIVATION_OF_TAK1_COMPLEX_UPON_TLR7_8_OR_9_STIMULATION
0.259633276433,24,0.236,REACTOME_SYNTHESIS_OF_PA
0.288880886461,18,0.236,BIOCARTA_NGF_PATHWAY
0.360797601974,10,0.236,REACTOME_KERATAN_SULFATE_DEGRADATION
-0.340713100552,18,0.237,REACTOME_INHIBITION_OF_THE_PROTEOLYTIC_ACTIVITY_OF_APC_C_REQUIRED_FOR_THE_ONSET_OF_ANAPHASE_BY_MITOTIC_SPINDLE_CHECKPOINT_COMPONENTS
0.227252420652,44,0.237,KEGG_TYPE_II_DIABETES_MELLITUS
0.332380761064,12,0.238,REACTOME_AKT_PHOSPHORYLATES_TARGETS_IN_THE_CYTOSOL
-0.259515339227,69,0.239,REACTOME_G_ALPHA1213_SIGNALLING_EVENTS
0.258789459726,25,0.239,BIOCARTA_VIP_PATHWAY
0.330252302162,11,0.239,REACTOME_IONOTROPIC_ACTIVITY_OF_KAINATE_RECEPTORS
-0.375430216512,12,0.24,REACTOME_NOTCH_HLH_TRANSCRIPTION_PATHWAY
0.191730604937,81,0.24,REACTOME_EXTRACELLULAR_MATRIX_ORGANIZATION
0.247282312978,31,0.24,KEGG_ALANINE_ASPARTATE_AND_GLUTAMATE_METABOLISM
-0.289365067343,39,0.241,PID_ECADHERIN_NASCENT_AJ_PATHWAY
0.358810753877,10,0.241,REACTOME_NFKB_IS_ACTIVATED_AND_SIGNALS_SURVIVAL
-0.336782145806,19,0.242,REACTOME_SYNTHESIS_OF_BILE_ACIDS_AND_BILE_SALTS
-0.361994151772,15,0.243,BIOCARTA_RARRXR_PATHWAY
0.433641121355,6,0.243,ST_PAC1_RECEPTOR_PATHWAY
0.307781203207,13,0.244,REACTOME_REGULATION_OF_AMPK_ACTIVITY_VIA_LKB1
-0.328322099027,23,0.245,REACTOME_TAK1_ACTIVATES_NFKB_BY_PHOSPHORYLATION_AND_ACTIVATION_OF_IKKS_COMPLEX
0.270385976434,21,0.245,BIOCARTA_SPPA_PATHWAY
0.313188724139,15,0.245,REACTOME_FGFR_LIGAND_BINDING_AND_ACTIVATION
-0.310613941725,26,0.246,REACTOME_PREFOLDIN_MEDIATED_TRANSFER_OF_SUBSTRATE_TO_CCT_TRIC
0.319273409424,12,0.246,REACTOME_TRAF6_MEDIATED_INDUCTION_OF_TAK1_COMPLEX
-0.39819363124,11,0.247,KEGG_FOLATE_BIOSYNTHESIS
-0.365330211156,13,0.247,BIOCARTA_ARENRF2_PATHWAY
-0.348463399028,14,0.247,REACTOME_SOS_MEDIATED_SIGNALLING
0.264625410447,22,0.247,PID_INTEGRIN_A9B1_PATHWAY
0.320657274806,12,0.247,REACTOME_SIGNAL_REGULATORY_PROTEIN_SIRP_FAMILY_INTERACTIONS
0.326006131368,10,0.247,BIOCARTA_SODD_PATHWAY
-0.307284908346,27,0.248,REACTOME_PIP3_ACTIVATES_AKT_SIGNALING
-0.301773468571,30,0.248,REACTOME_SYNTHESIS_OF_PIPS_AT_THE_PLASMA_MEMBRANE
-0.390550054808,11,0.249,REACTOME_SLBP_DEPENDENT_PROCESSING_OF_REPLICATION_DEPENDENT_HISTONE_PRE_MRNAS
-0.253152651829,73,0.249,KEGG_CHRONIC_MYELOID_LEUKEMIA
0.343779653225,10,0.249,REACTOME_BASE_FREE_SUGAR_PHOSPHATE_REMOVAL_VIA_THE_SINGLE_NUCLEOTIDE_REPLACEMENT_PATHWAY
-0.291530136713,35,0.25,REACTOME_G1_PHASE
0.24710483503,31,0.25,REACTOME_CD28_CO_STIMULATION
0.159040458596,192,0.251,REACTOME_ANTIGEN_PROCESSING_UBIQUITINATION_PROTEASOME_DEGRADATION
-0.308322449655,26,0.252,REACTOME_RECYCLING_PATHWAY_OF_L1
0.309588694627,12,0.252,BIOCARTA_GATA3_PATHWAY
-0.31982409224,22,0.253,REACTOME_GRB2_EVENTS_IN_ERBB2_SIGNALING
-0.265218251759,53,0.253,PID_NFAT_3PATHWAY
-0.289222664186,33,0.254,PID_EPHA_FWDPATHWAY
-0.291577891112,31,0.255,PID_NEPHRIN_NEPH1_PATHWAY
-0.249086284331,78,0.256,KEGG_PEROXISOME
0.288544380917,18,0.256,BIOCARTA_CALCINEURIN_PATHWAY
-0.265394153334,57,0.257,KEGG_ACUTE_MYELOID_LEUKEMIA
-0.407707150928,10,0.258,KEGG_VALINE_LEUCINE_AND_ISOLEUCINE_BIOSYNTHESIS
-0.305529137815,26,0.258,REACTOME_ASSOCIATION_OF_TRIC_CCT_WITH_TARGET_PROTEINS_DURING_BIOSYNTHESIS
0.304574685133,13,0.259,REACTOME_ADVANCED_GLYCOSYLATION_ENDPRODUCT_RECEPTOR_SIGNALING
-0.282936010296,33,0.26,REACTOME_TRANSPORT_TO_THE_GOLGI_AND_SUBSEQUENT_MODIFICATION
-0.212919239194,236,0.26,REACTOME_AXON_GUIDANCE
0.347770149057,10,0.26,PID_ALK2_PATHWAY
0.201523693328,66,0.261,KEGG_P53_SIGNALING_PATHWAY
-0.301091675751,29,0.262,REACTOME_SEMA4D_IN_SEMAPHORIN_SIGNALING
-0.318283839542,23,0.263,REACTOME_LYSOSOME_VESICLE_BIOGENESIS
0.166395577452,155,0.263,KEGG_CALCIUM_SIGNALING_PATHWAY
0.193942993518,63,0.263,PID_ENDOTHELIN_PATHWAY
0.216504416856,47,0.263,REACTOME_HEPARAN_SULFATE_HEPARIN_HS_GAG_METABOLISM
0.187081492511,87,0.264,REACTOME_MHC_CLASS_II_ANTIGEN_PRESENTATION
-0.283028341629,36,0.265,REACTOME_PI3K_AKT_ACTIVATION
-0.272175411512,42,0.265,KEGG_VASOPRESSIN_REGULATED_WATER_REABSORPTION
-0.242573073994,76,0.265,REACTOME_M_G1_TRANSITION
0.324718425782,11,0.265,REACTOME_DSCAM_INTERACTIONS
-0.341497399346,16,0.266,PID_DNA_PK_PATHWAY
-0.240373646261,96,0.266,REACTOME_SIGNALING_BY_INSULIN_RECEPTOR
0.258846057195,26,0.266,KEGG_ETHER_LIPID_METABOLISM
0.208283850365,53,0.267,PID_IL2_1PATHWAY
0.298163940797,15,0.267,REACTOME_GLUTAMATE_NEUROTRANSMITTER_RELEASE_CYCLE
-0.65714844514,2,0.268,REACTOME_OPSINS
-0.380783459329,10,0.268,REACTOME_SYNTHESIS_OF_PIPS_AT_THE_LATE_ENDOSOME_MEMBRANE
0.261215592681,23,0.268,BIOCARTA_CXCR4_PATHWAY
-0.367355788348,11,0.269,REACTOME_FACILITATIVE_NA_INDEPENDENT_GLUCOSE_TRANSPORTERS
-0.322847070006,20,0.27,BIOCARTA_TFF_PATHWAY
-0.299327286825,29,0.27,BIOCARTA_TNFR1_PATHWAY
-0.337955015309,16,0.271,REACTOME_SYNTHESIS_OF_PC
0.255932697887,23,0.271,REACTOME_GLUTATHIONE_CONJUGATION
0.317231018057,10,0.272,REACTOME_ACETYLCHOLINE_BINDING_AND_DOWNSTREAM_EVENTS
-0.401533135332,8,0.273,REACTOME_CLASS_C_3_METABOTROPIC_GLUTAMATE_PHEROMONE_RECEPTORS
0.273758364095,20,0.273,KEGG_NICOTINATE_AND_NICOTINAMIDE_METABOLISM
-0.248064994394,74,0.274,REACTOME_SIGNALING_BY_SCF_KIT
0.228185854644,30,0.275,PID_EPHRINB_REV_PATHWAY
-0.252181043372,70,0.276,PID_REG_GR_PATHWAY
-0.233880196045,105,0.276,REACTOME_G1_S_TRANSITION
0.288993112,17,0.277,REACTOME_SYNTHESIS_AND_INTERCONVERSION_OF_NUCLEOTIDE_DI_AND_TRIPHOSPHATES
0.315823413759,12,0.277,REACTOME_COMMON_PATHWAY
0.256057389154,22,0.278,BIOCARTA_IL6_PATHWAY
0.268725317738,17,0.278,REACTOME_RNA_POL_III_CHAIN_ELONGATION
0.212627167458,44,0.279,REACTOME_MEIOTIC_RECOMBINATION
0.265810050459,19,0.281,REACTOME_ENOS_ACTIVATION_AND_REGULATION
-0.365342999374,12,0.284,REACTOME_CYTOSOLIC_SULFONATION_OF_SMALL_MOLECULES
0.190013263401,65,0.284,KEGG_LONG_TERM_DEPRESSION
0.274506287894,18,0.284,BIOCARTA_MTA3_PATHWAY
-0.360291900432,11,0.285,BIOCARTA_P35ALZHEIMERS_PATHWAY
-0.35885213806,11,0.285,BIOCARTA_CFTR_PATHWAY
-0.35039649766,13,0.285,BIOCARTA_ACH_PATHWAY
0.294830556611,14,0.285,REACTOME_REPAIR_SYNTHESIS_FOR_GAP_FILLING_BY_DNA_POL_IN_TC_NER
-0.321168173037,21,0.287,BIOCARTA_IGF1_PATHWAY
-0.290301822823,28,0.287,PID_REELIN_PATHWAY
-0.260469181023,48,0.287,PID_HEDGEHOG_GLI_PATHWAY
-0.237896413121,89,0.287,REACTOME_SYNTHESIS_OF_DNA
0.201450900178,54,0.287,REACTOME_RNA_POL_II_PRE_TRANSCRIPTION_EVENTS
-0.356294402699,11,0.288,REACTOME_ALPHA_LINOLENIC_ACID_ALA_METABOLISM
-0.24016350771,74,0.288,KEGG_PHOSPHATIDYLINOSITOL_SIGNALING_SYSTEM
0.280681042143,14,0.288,REACTOME_VIRAL_MESSENGER_RNA_SYNTHESIS
0.196232233431,56,0.29,PID_NOTCH_PATHWAY
0.216241625405,41,0.291,PID_ER_NONGENOMIC_PATHWAY
0.239408860597,26,0.291,BIOCARTA_GH_PATHWAY
0.28330332525,14,0.291,BIOCARTA_AKAPCENTROSOME_PATHWAY
-0.299904861516,24,0.292,SA_B_CELL_RECEPTOR_COMPLEXES
0.235822457523,31,0.292,REACTOME_PURINE_METABOLISM
0.261752712242,17,0.292,BIOCARTA_IL7_PATHWAY
-0.264808077632,45,0.293,KEGG_NOTCH_SIGNALING_PATHWAY
-0.313495674296,21,0.294,BIOCARTA_AKT_PATHWAY
0.223369873629,34,0.294,ST_ADRENERGIC
0.297298014538,12,0.296,SA_PROGRAMMED_CELL_DEATH
0.24440141447,21,0.297,REACTOME_DOWNREGULATION_OF_TGF_BETA_RECEPTOR_SIGNALING
-0.340366029427,15,0.298,REACTOME_SYNTHESIS_OF_BILE_ACIDS_AND_BILE_SALTS_VIA_7ALPHA_HYDROXYCHOLESTEROL
-0.316596810624,19,0.298,REACTOME_LAGGING_STRAND_SYNTHESIS
-0.258349197564,47,0.298,REACTOME_PI_3K_CASCADE
0.291428092056,12,0.298,REACTOME_TETRAHYDROBIOPTERIN_BH4_SYNTHESIS_RECYCLING_SALVAGE_AND_REGULATION
0.365774013756,6,0.298,REACTOME_BETA_DEFENSINS
0.213020573862,35,0.299,PID_FRA_PATHWAY
0.25449481252,22,0.299,KEGG_PROXIMAL_TUBULE_BICARBONATE_RECLAMATION
0.308506339108,10,0.299,BIOCARTA_LEPTIN_PATHWAY
-0.270683394651,38,0.3,PID_FAS_PATHWAY
0.206882391934,43,0.3,PID_THROMBIN_PAR1_PATHWAY
-0.33733549049,15,0.301,REACTOME_PROCESSIVE_SYNTHESIS_ON_THE_LAGGING_STRAND
-0.337138910879,13,0.301,REACTOME_P38MAPK_EVENTS
-0.290566984896,26,0.301,REACTOME_POST_TRANSLATIONAL_MODIFICATION_SYNTHESIS_OF_GPI_ANCHORED_PROTEINS
0.232307549651,29,0.302,REACTOME_ANTIGEN_ACTIVATES_B_CELL_RECEPTOR_LEADING_TO_GENERATION_OF_SECOND_MESSENGERS
0.234718117109,33,0.302,BIOCARTA_DEATH_PATHWAY
-0.263050621874,43,0.303,KEGG_NUCLEOTIDE_EXCISION_REPAIR
-0.31503437236,17,0.304,BIOCARTA_SPRY_PATHWAY
-0.365146025382,10,0.305,REACTOME_SYNTHESIS_OF_PE
0.211903201329,38,0.305,PID_P38_ALPHA_BETA_DOWNSTREAM_PATHWAY
-0.276748668648,28,0.308,BIOCARTA_PYK2_PATHWAY
0.226898597062,30,0.308,PID_CD40_PATHWAY
0.276642476048,13,0.308,KEGG_CIRCADIAN_RHYTHM_MAMMAL
-0.227849561974,108,0.309,REACTOME_HIV_LIFE_CYCLE
0.18226425365,64,0.309,PID_LYSOPHOSPHOLIPID_PATHWAY
0.267406399884,14,0.309,BIOCARTA_NUCLEARRS_PATHWAY
0.298288495922,11,0.309,PID_INTEGRIN4_PATHWAY
0.196282067332,51,0.31,KEGG_RIG_I_LIKE_RECEPTOR_SIGNALING_PATHWAY
-0.363349882365,9,0.311,REACTOME_IRAK1_RECRUITS_IKK_COMPLEX
0.219576543974,35,0.311,KEGG_PYRUVATE_METABOLISM
-0.302470909562,21,0.312,REACTOME_INTERACTION_BETWEEN_L1_AND_ANKYRINS
0.228598150684,29,0.312,REACTOME_GLUCAGON_SIGNALING_IN_METABOLIC_REGULATION
0.233270222628,24,0.312,REACTOME_A_TETRASACCHARIDE_LINKER_SEQUENCE_IS_REQUIRED_FOR_GAG_SYNTHESIS
-0.272996750868,32,0.313,REACTOME_POST_NMDA_RECEPTOR_ACTIVATION_EVENTS
-0.352882155407,12,0.314,REACTOME_AMINE_DERIVED_HORMONES
-0.311983460383,20,0.314,BIOCARTA_ATM_PATHWAY
0.24447161136,21,0.314,REACTOME_CD28_DEPENDENT_PI3K_AKT_SIGNALING
-0.319360321188,16,0.315,KEGG_PRIMARY_BILE_ACID_BIOSYNTHESIS
-0.297118818655,20,0.315,REACTOME_SHC1_EVENTS_IN_ERBB4_SIGNALING
-0.232145394089,84,0.315,KEGG_SMALL_CELL_LUNG_CANCER
-0.343939065783,11,0.317,BIOCARTA_EGFR_SMRTE_PATHWAY
0.246869888255,16,0.317,REACTOME_PRE_NOTCH_PROCESSING_IN_GOLGI
-0.369689768197,10,0.318,BIOCARTA_SKP2E2F_PATHWAY
-0.286264951296,26,0.318,REACTOME_CREB_PHOSPHORYLATION_THROUGH_THE_ACTIVATION_OF_RAS
0.273821687412,14,0.319,KEGG_GLYCOSPHINGOLIPID_BIOSYNTHESIS_GLOBO_SERIES
0.203136658273,39,0.32,ST_JNK_MAPK_PATHWAY
0.214387436837,30,0.32,NABA_PROTEOGLYCANS
0.219312160507,24,0.32,REACTOME_SULFUR_AMINO_ACID_METABOLISM
0.272083811306,15,0.32,BIOCARTA_CDMAC_PATHWAY
-0.348532107481,10,0.321,KEGG_LIMONENE_AND_PINENE_DEGRADATION
-0.331842135648,14,0.321,REACTOME_SIGNALING_BY_NODAL
0.251304371973,20,0.321,REACTOME_FORMATION_OF_INCISION_COMPLEX_IN_GG_NER
-0.251527779142,48,0.322,REACTOME_O_LINKED_GLYCOSYLATION_OF_MUCINS
-0.322858574136,14,0.323,SA_G1_AND_S_PHASES
0.287502056206,10,0.323,BIOCARTA_LECTIN_PATHWAY
0.190532280809,39,0.324,REACTOME_PLC_BETA_MEDIATED_EVENTS
0.273615304417,13,0.324,BIOCARTA_EXTRINSIC_PATHWAY
0.145692824462,86,0.326,KEGG_DILATED_CARDIOMYOPATHY
0.217501096288,32,0.326,BIOCARTA_PDGF_PATHWAY
0.324262758027,8,0.326,REACTOME_TANDEM_PORE_DOMAIN_POTASSIUM_CHANNELS
0.23475764232,22,0.327,BIOCARTA_IGF1R_PATHWAY
-0.295051148615,25,0.328,KEGG_PENTOSE_PHOSPHATE_PATHWAY
0.178209182185,86,0.328,BIOCARTA_MAPK_PATHWAY
0.217563234974,27,0.328,REACTOME_ELONGATION_ARREST_AND_RECOVERY
0.262499305529,15,0.328,KEGG_GLYOXYLATE_AND_DICARBOXYLATE_METABOLISM
-0.265268624418,38,0.329,KEGG_GLYCEROLIPID_METABOLISM
-0.287095363651,25,0.331,KEGG_GLYCOSYLPHOSPHATIDYLINOSITOL_GPI_ANCHOR_BIOSYNTHESIS
-0.254044460518,43,0.331,SIG_CHEMOTAXIS
-0.230775147661,77,0.331,PID_SMAD2_3NUCLEAR_PATHWAY
0.233624350763,23,0.331,REACTOME_ACTIVATION_OF_GENES_BY_ATF4
0.261862231976,14,0.331,REACTOME_METABOLISM_OF_POLYAMINES
-0.274939257008,29,0.332,BIOCARTA_VEGF_PATHWAY
-0.343269345058,11,0.333,REACTOME_ACTIVATION_OF_CHAPERONES_BY_ATF6_ALPHA
-0.287634735057,23,0.333,BIOCARTA_CASPASE_PATHWAY
0.248497027282,14,0.333,BIOCARTA_LONGEVITY_PATHWAY
-0.286726605679,19,0.334,SA_CASPASE_CASCADE
-0.241019420069,67,0.334,KEGG_PPAR_SIGNALING_PATHWAY
0.201171976501,40,0.334,ST_B_CELL_ANTIGEN_RECEPTOR
0.229963108968,24,0.334,BIOCARTA_TPO_PATHWAY
-0.346004582903,11,0.335,BIOCARTA_AKAP95_PATHWAY
0.244637134647,15,0.335,PID_ARF6_DOWNSTREAM_PATHWAY
0.23320932054,20,0.337,REACTOME_HS_GAG_DEGRADATION
0.233319799383,18,0.337,REACTOME_CGMP_EFFECTS
-0.297078204295,21,0.338,PID_HEDGEHOG_2PATHWAY
0.192087684635,43,0.338,KEGG_ABC_TRANSPORTERS
0.195775067628,43,0.339,PID_INTEGRIN3_PATHWAY
-0.28653405719,23,0.34,REACTOME_RNA_POL_III_TRANSCRIPTION_INITIATION_FROM_TYPE_2_PROMOTER
0.22195767896,23,0.34,REACTOME_REGULATION_OF_HYPOXIA_INDUCIBLE_FACTOR_HIF_BY_OXYGEN
-0.303012086471,19,0.341,REACTOME_TERMINATION_OF_O_GLYCAN_BIOSYNTHESIS
-0.260444018396,37,0.341,ST_P38_MAPK_PATHWAY
-0.226235078039,95,0.341,REACTOME_LATE_PHASE_OF_HIV_LIFE_CYCLE
0.271981607836,11,0.341,REACTOME_BILE_SALT_AND_ORGANIC_ANION_SLC_TRANSPORTERS
0.328783577521,7,0.341,REACTOME_FGFR4_LIGAND_BINDING_AND_ACTIVATION
-0.227409272727,95,0.342,REACTOME_SIGNALING_BY_NOTCH
-0.342737851622,10,0.343,REACTOME_GAP_JUNCTION_DEGRADATION
0.175905063168,64,0.343,REACTOME_PHASE1_FUNCTIONALIZATION_OF_COMPOUNDS
-0.201918046487,245,0.344,REACTOME_METABOLISM_OF_RNA
-0.279747294983,29,0.345,REACTOME_INTRINSIC_PATHWAY_FOR_APOPTOSIS
-0.22465622197,104,0.345,REACTOME_SIGNALING_BY_EGFR_IN_CANCER
0.173602402163,45,0.346,REACTOME_PHOSPHOLIPASE_C_MEDIATED_CASCADE
-0.253620017451,35,0.347,REACTOME_SIGNALLING_TO_ERKS
0.176805559303,48,0.348,REACTOME_NUCLEOTIDE_EXCISION_REPAIR
0.228697343816,20,0.349,REACTOME_GROWTH_HORMONE_RECEPTOR_SIGNALING
0.202158350832,33,0.35,SIG_REGULATION_OF_THE_ACTIN_CYTOSKELETON_BY_RHO_GTPASES
0.233891438093,18,0.35,REACTOME_INSULIN_SYNTHESIS_AND_PROCESSING
-0.3086104111,16,0.351,REACTOME_SHC_RELATED_EVENTS
-0.216135696484,129,0.351,PID_PDGFRB_PATHWAY
0.218109275119,19,0.351,REACTOME_RNA_POL_III_TRANSCRIPTION_TERMINATION
-0.334029504101,12,0.352,REACTOME_CASPASE_MEDIATED_CLEAVAGE_OF_CYTOSKELETAL_PROTEINS
-0.300817780883,16,0.352,BIOCARTA_RELA_PATHWAY
0.250730879259,14,0.352,PID_TCR_RAS_PATHWAY
0.174863103512,46,0.353,PID_SYNDECAN_1_PATHWAY
0.222769252543,22,0.353,BIOCARTA_P53HYPOXIA_PATHWAY
0.281945894328,9,0.354,REACTOME_REGULATION_OF_RHEB_GTPASE_ACTIVITY_BY_AMPK
-0.3045168199,16,0.355,REACTOME_AMINO_ACID_SYNTHESIS_AND_INTERCONVERSION_TRANSAMINATION
0.190726409659,30,0.356,PID_RAS_PATHWAY
0.230823367419,21,0.356,REACTOME_SHC_MEDIATED_CASCADE
-0.241351004907,55,0.357,BIOCARTA_PPARA_PATHWAY
0.205900755865,31,0.357,PID_AVB3_OPN_PATHWAY
0.0948860097851,54,0.358,REACTOME_COLLAGEN_FORMATION
0.186487582983,26,0.358,PID_P38_MKK3_6PATHWAY
0.243827192879,19,0.358,REACTOME_CITRIC_ACID_CYCLE_TCA_CYCLE
-0.239963778051,49,0.359,KEGG_MTOR_SIGNALING_PATHWAY
-0.23602018185,65,0.359,KEGG_GLYCEROPHOSPHOLIPID_METABOLISM
-0.317677890367,10,0.361,REACTOME_PECAM1_INTERACTIONS
-0.239807636318,54,0.361,PID_RAC1_PATHWAY
0.191646715038,26,0.361,ST_GRANULE_CELL_SURVIVAL_PATHWAY
-0.403555604472,6,0.363,ST_IL_13_PATHWAY
-0.281727192503,21,0.363,BIOCARTA_MITOCHONDRIA_PATHWAY
0.173887473045,38,0.363,NABA_BASEMENT_MEMBRANES
-0.340671309448,10,0.364,REACTOME_SYNTHESIS_OF_BILE_ACIDS_AND_BILE_SALTS_VIA_24_HYDROXYCHOLESTEROL
-0.251887385245,39,0.364,REACTOME_IL_3_5_AND_GM_CSF_SIGNALING
0.183136664495,24,0.364,REACTOME_BASIGIN_INTERACTIONS
0.236880784798,11,0.365,REACTOME_IL_7_SIGNALING
0.230225912266,14,0.366,REACTOME_INTRINSIC_PATHWAY
0.292517573541,8,0.366,REACTOME_PRESYNAPTIC_NICOTINIC_ACETYLCHOLINE_RECEPTORS
0.202258190837,19,0.367,PID_HIF1A_PATHWAY
-0.266439010598,29,0.368,KEGG_THYROID_CANCER
0.191540034865,28,0.368,REACTOME_CA_DEPENDENT_EVENTS
-0.205188299087,210,0.369,REACTOME_SIGNALLING_BY_NGF
0.245958828166,13,0.369,REACTOME_ADENYLATE_CYCLASE_INHIBITORY_PATHWAY
0.228363942931,17,0.37,KEGG_PHENYLALANINE_METABOLISM
-0.21118041181,139,0.371,REACTOME_APOPTOSIS
0.234503154188,18,0.371,BIOCARTA_TNFR2_PATHWAY
-0.254660020373,35,0.372,PID_GMCSF_PATHWAY
-0.249548509878,37,0.372,BIOCARTA_MET_PATHWAY
0.281733434742,9,0.372,REACTOME_NEF_MEDIATED_DOWNREGULATION_OF_MHC_CLASS_I_COMPLEX_CELL_SURFACE_EXPRESSION
-0.236889300339,53,0.373,KEGG_INOSITOL_PHOSPHATE_METABOLISM
0.208649637082,25,0.373,PID_TOLL_ENDOGENOUS_PATHWAY
-0.319796530391,13,0.374,BIOCARTA_CBL_PATHWAY
0.214190887634,23,0.374,ST_GA12_PATHWAY
0.226204227298,19,0.375,REACTOME_ABORTIVE_ELONGATION_OF_HIV1_TRANSCRIPT_IN_THE_ABSENCE_OF_TAT
-0.285184233503,21,0.376,REACTOME_APC_CDC20_MEDIATED_DEGRADATION_OF_NEK2A
0.279896324011,10,0.376,REACTOME_REGULATED_PROTEOLYSIS_OF_P75NTR
0.193397622905,28,0.38,REACTOME_FORMATION_OF_TRANSCRIPTION_COUPLED_NER_TC_NER_REPAIR_COMPLEX
0.168204807323,25,0.381,BIOCARTA_STRESS_PATHWAY
0.174082853751,43,0.381,REACTOME_TRANSCRIPTION_COUPLED_NER_TC_NER
0.196255601411,30,0.381,KEGG_CYSTEINE_AND_METHIONINE_METABOLISM
-0.215809885818,125,0.382,KEGG_NEUROTROPHIN_SIGNALING_PATHWAY
-0.250652330938,39,0.383,PID_RET_PATHWAY
0.192733828376,18,0.384,REACTOME_RIP_MEDIATED_NFKB_ACTIVATION_VIA_DAI
0.216419580811,23,0.384,BIOCARTA_RAC1_PATHWAY
-0.272064855789,20,0.385,BIOCARTA_ACTINY_PATHWAY
0.205081309904,24,0.385,BIOCARTA_BAD_PATHWAY
0.197007495114,28,0.386,KEGG_OLFACTORY_TRANSDUCTION
-0.306320337744,13,0.387,REACTOME_DCC_MEDIATED_ATTRACTIVE_SIGNALING
-0.296404296757,14,0.388,PID_SYNDECAN_3_PATHWAY
-0.252988994831,33,0.389,KEGG_BASE_EXCISION_REPAIR
-0.291022274323,16,0.39,REACTOME_ENERGY_DEPENDENT_REGULATION_OF_MTOR_BY_LKB1_AMPK
-0.305129180257,15,0.391,REACTOME_SHC1_EVENTS_IN_EGFR_SIGNALING
-0.291390326046,19,0.391,REACTOME_APC_C_CDC20_MEDIATED_DEGRADATION_OF_CYCLIN_B
-0.258094771815,26,0.391,BIOCARTA_CREB_PATHWAY
0.247536932414,11,0.391,PID_RANBP2_PATHWAY
-0.241583733062,40,0.392,KEGG_ALDOSTERONE_REGULATED_SODIUM_REABSORPTION
0.210021530632,14,0.392,BIOCARTA_PLATELETAPP_PATHWAY
0.14780617995,28,0.394,KEGG_HISTIDINE_METABOLISM
0.216281630741,17,0.394,ST_WNT_CA2_CYCLIC_GMP_PATHWAY
-0.328552331302,10,0.395,REACTOME_ROLE_OF_DCC_IN_REGULATING_APOPTOSIS
-0.235186025849,49,0.395,PID_ANGIOPOIETIN_RECEPTOR_PATHWAY
0.193128474887,33,0.395,REACTOME_ABC_FAMILY_PROTEINS_MEDIATED_TRANSPORT
0.240830325194,14,0.395,REACTOME_PLATELET_CALCIUM_HOMEOSTASIS
0.19203965745,23,0.397,KEGG_TASTE_TRANSDUCTION
0.213569439247,10,0.397,REACTOME_ACTIVATION_OF_THE_AP1_FAMILY_OF_TRANSCRIPTION_FACTORS
-0.232774994594,51,0.398,PID_CASPASE_PATHWAY
-0.327214017826,10,0.399,REACTOME_ADENYLATE_CYCLASE_ACTIVATING_PATHWAY
-0.237879707664,46,0.399,PID_A6B1_A6B4_INTEGRIN_PATHWAY
-0.221940382745,82,0.399,KEGG_TGF_BETA_SIGNALING_PATHWAY
-0.213452251663,100,0.399,REACTOME_SIGNALING_BY_FGFR
0.158249634865,24,0.399,REACTOME_EGFR_DOWNREGULATION
0.184509043547,28,0.399,REACTOME_FORMATION_OF_THE_HIV1_EARLY_ELONGATION_COMPLEX
-0.305141776194,11,0.401,REACTOME_P75NTR_RECRUITS_SIGNALLING_COMPLEXES
-0.25922916527,27,0.402,REACTOME_SIGNALLING_TO_RAS
-0.273733488955,21,0.403,REACTOME_SIGNALING_BY_BMP
0.137498847209,17,0.403,REACTOME_RESOLUTION_OF_AP_SITES_VIA_THE_MULTIPLE_NUCLEOTIDE_PATCH_REPLACEMENT_PATHWAY
0.248667210046,12,0.404,REACTOME_SIGNAL_ATTENUATION
0.30924285982,6,0.404,REACTOME_ELEVATION_OF_CYTOSOLIC_CA2_LEVELS
-0.352258766389,7,0.405,REACTOME_ROLE_OF_SECOND_MESSENGERS_IN_NETRIN1_SIGNALING
-0.29931462624,11,0.405,BIOCARTA_SET_PATHWAY
0.19526776871,13,0.406,BIOCARTA_SALMONELLA_PATHWAY
-0.218191297592,89,0.407,REACTOME_DOWNSTREAM_SIGNALING_OF_ACTIVATED_FGFR
0.255554967933,11,0.407,REACTOME_HORMONE_SENSITIVE_LIPASE_HSL_MEDIATED_TRIACYLGLYCEROL_HYDROLYSIS
-0.237423943287,52,0.408,KEGG_VIBRIO_CHOLERAE_INFECTION
0.218911889475,13,0.409,BIOCARTA_D4GDI_PATHWAY
0.227147896333,10,0.41,REACTOME_TRANSPORT_OF_ORGANIC_ANIONS
0.2341046288,11,0.41,REACTOME_CALNEXIN_CALRETICULIN_CYCLE
-0.247029482966,37,0.411,REACTOME_IL_2_SIGNALING
-0.238178437209,40,0.411,REACTOME_MRNA_SPLICING_MINOR_PATHWAY
0.220394507508,13,0.411,REACTOME_N_GLYCAN_TRIMMING_IN_THE_ER_AND_CALNEXIN_CALRETICULIN_CYCLE
-0.304097227228,10,0.413,REACTOME_RECRUITMENT_OF_NUMA_TO_MITOTIC_CENTROSOMES
-0.272348240489,16,0.413,REACTOME_PKA_MEDIATED_PHOSPHORYLATION_OF_CREB
-0.220481343539,68,0.413,PID_P75_NTR_PATHWAY
-0.331469776234,10,0.414,REACTOME_GAMMA_CARBOXYLATION_TRANSPORT_AND_AMINO_TERMINAL_CLEAVAGE_OF_PROTEINS
-0.240520029542,32,0.414,PID_NETRIN_PATHWAY
-0.293275341312,12,0.415,BIOCARTA_RAB_PATHWAY
-0.249570203439,30,0.418,BIOCARTA_FAS_PATHWAY
-0.23694271421,36,0.42,REACTOME_NETRIN1_SIGNALING
-0.236820016988,42,0.42,ST_DIFFERENTIATION_PATHWAY_IN_PC12_CELLS
-0.215051684953,67,0.422,REACTOME_SIGNALING_BY_NOTCH1
0.220387462355,9,0.422,BIOCARTA_BARRESTIN_PATHWAY
0.324036819465,4,0.423,REACTOME_OLFACTORY_SIGNALING_PATHWAY
-0.251071208994,18,0.426,REACTOME_MICRORNA_MIRNA_BIOGENESIS
-0.252846461447,26,0.427,REACTOME_ENDOSOMAL_SORTING_COMPLEX_REQUIRED_FOR_TRANSPORT_ESCRT
-0.236282258573,36,0.427,REACTOME_ACTIVATION_OF_NMDA_RECEPTOR_UPON_GLUTAMATE_BINDING_AND_POSTSYNAPTIC_EVENTS
-0.2889525411,13,0.429,REACTOME_EARLY_PHASE_OF_HIV_LIFE_CYCLE
-0.252840755228,23,0.43,KEGG_LINOLEIC_ACID_METABOLISM
-0.189226428395,446,0.432,REACTOME_METABOLISM_OF_LIPIDS_AND_LIPOPROTEINS
-0.244163961578,34,0.433,BIOCARTA_ALK_PATHWAY
-0.279984487114,12,0.435,REACTOME_GAP_JUNCTION_ASSEMBLY
-0.296595092406,10,0.436,REACTOME_RAF_MAP_KINASE_CASCADE
0.19701317334,7,0.436,REACTOME_NEGATIVE_REGULATION_OF_THE_PI3K_AKT_NETWORK
-0.266597210819,18,0.44,REACTOME_REGULATION_OF_SIGNALING_BY_CBL
-0.278263082051,13,0.441,REACTOME_P75NTR_SIGNALS_VIA_NFKB
-0.299871947911,10,0.443,BIOCARTA_GLYCOLYSIS_PATHWAY
-0.263939494229,18,0.444,BIOCARTA_TID_PATHWAY
-0.275539417346,15,0.446,REACTOME_SHC_MEDIATED_SIGNALLING
-0.271303619672,10,0.448,REACTOME_ABACAVIR_TRANSPORT_AND_METABOLISM
-0.261061439187,16,0.448,BIOCARTA_CDC42RAC_PATHWAY
-0.237283480853,33,0.448,PID_IL1_PATHWAY
-0.262421383363,19,0.45,PID_ARF_3PATHWAY
-0.234082027721,34,0.451,PID_HIF2PATHWAY
-0.279610714243,11,0.454,BIOCARTA_VITCB_PATHWAY
-0.269294292289,16,0.454,REACTOME_REGULATION_OF_KIT_SIGNALING
0.18090919861,9,0.454,REACTOME_ACTIVATION_OF_CHAPERONE_GENES_BY_ATF6_ALPHA
-0.276777782944,12,0.458,REACTOME_APOPTOSIS_INDUCED_DNA_FRAGMENTATION
-0.266058875831,17,0.458,REACTOME_SYNTHESIS_OF_GLYCOSYLPHOSPHATIDYLINOSITOL_GPI
-0.208723558413,80,0.461,REACTOME_REGULATION_OF_MRNA_STABILITY_BY_PROTEINS_THAT_BIND_AU_RICH_ELEMENTS
-0.232046037273,33,0.462,REACTOME_RNA_POL_III_TRANSCRIPTION
-0.230060666476,26,0.462,REACTOME_PERK_REGULATED_GENE_EXPRESSION
-0.262733933641,16,0.464,REACTOME_ACTIVATION_OF_BH3_ONLY_PROTEINS
-0.239549327906,21,0.465,BIOCARTA_CCR3_PATHWAY
-0.211722472517,58,0.465,BIOCARTA_HIVNEF_PATHWAY
-0.274211416528,14,0.466,REACTOME_SYNTHESIS_OF_SUBSTRATES_IN_N_GLYCAN_BIOSYTHESIS
-0.248609438741,24,0.468,PID_HDAC_CLASSIII_PATHWAY
-0.260615793807,17,0.471,BIOCARTA_UCALPAIN_PATHWAY
-0.236110180363,31,0.471,BIOCARTA_EGF_PATHWAY
-0.272846776016,14,0.472,PID_LPA4_PATHWAY
-0.257979293333,14,0.472,BIOCARTA_41BB_PATHWAY
-0.219681481878,53,0.472,REACTOME_ACTIVATION_OF_THE_MRNA_UPON_BINDING_OF_THE_CAP_BINDING_COMPLEX_AND_EIFS_AND_SUBSEQUENT_BINDING_TO_43S
-0.219268277486,36,0.472,BIOCARTA_TOLL_PATHWAY
-0.210463306162,48,0.472,PID_ARF6_TRAFFICKING_PATHWAY
-0.229429709627,17,0.473,REACTOME_TRAF6_MEDIATED_IRF7_ACTIVATION
-0.261918765664,12,0.474,REACTOME_NFKB_ACTIVATION_THROUGH_FADD_RIP1_PATHWAY_MEDIATED_BY_CASPASE_8_AND10
-0.242075959085,20,0.475,REACTOME_EFFECTS_OF_PIP2_HYDROLYSIS
-0.234554547691,29,0.475,REACTOME_SIGNALING_BY_ROBO_RECEPTOR
-0.217970262946,32,0.477,PID_INTEGRIN_A4B1_PATHWAY
-0.204645103773,72,0.479,REACTOME_UNFOLDED_PROTEIN_RESPONSE
-0.204478717186,93,0.479,KEGG_PYRIMIDINE_METABOLISM
-0.27520700907,12,0.48,REACTOME_ORGANIC_CATION_ANION_ZWITTERION_TRANSPORT
-0.260609901767,8,0.481,BIOCARTA_KREB_PATHWAY
-0.222435092671,23,0.483,PID_PRL_SIGNALING_EVENTS_PATHWAY
-0.217521682998,40,0.483,KEGG_BLADDER_CANCER
-0.21627042238,43,0.487,PID_HES_HEY_PATHWAY
-0.245298771495,13,0.488,REACTOME_TRAF3_DEPENDENT_IRF_ACTIVATION_PATHWAY
-0.204976129795,82,0.49,REACTOME_RNA_POL_I_RNA_POL_III_AND_MITOCHONDRIAL_TRANSCRIPTION
-0.234469675154,11,0.491,REACTOME_MRNA_DECAY_BY_3_TO_5_EXORIBONUCLEASE
-0.258330398396,10,0.493,PID_P38_GAMMA_DELTA_PATHWAY
-0.23459692968,17,0.493,BIOCARTA_HCMV_PATHWAY
-0.20967870314,62,0.493,REACTOME_ASSEMBLY_OF_THE_PRE_REPLICATIVE_COMPLEX
-0.228327300307,21,0.494,BIOCARTA_IL2_PATHWAY
-0.212597008936,38,0.494,BIOCARTA_IL2RB_PATHWAY
-0.225649453627,21,0.495,REACTOME_REGULATORY_RNA_PATHWAYS
-0.242931994,11,0.499,BIOCARTA_PLCE_PATHWAY
-0.248985852393,15,0.5,PID_THROMBIN_PAR4_PATHWAY
-0.233158646557,13,0.504,BIOCARTA_DREAM_PATHWAY
-0.21893418361,8,0.504,REACTOME_HIGHLY_CALCIUM_PERMEABLE_POSTSYNAPTIC_NICOTINIC_ACETYLCHOLINE_RECEPTORS
-0.23972002372,12,0.505,BIOCARTA_CELL2CELL_PATHWAY
-0.211814540591,30,0.509,REACTOME_NEUROTRANSMITTER_RELEASE_CYCLE
-0.191511998903,175,0.509,KEGG_ENDOCYTOSIS
-0.203411812971,62,0.511,REACTOME_NCAM_SIGNALING_FOR_NEURITE_OUT_GROWTH
-0.255413514219,9,0.514,REACTOME_PASSIVE_TRANSPORT_BY_AQUAPORINS
-0.238382352277,13,0.515,REACTOME_SEMA3A_PLEXIN_REPULSION_SIGNALING_BY_INHIBITING_INTEGRIN_ADHESION
-0.199520912104,94,0.515,KEGG_MELANOGENESIS
-0.269111495092,9,0.518,REACTOME_TRAF6_MEDIATED_IRF7_ACTIVATION_IN_TLR7_8_OR_9_SIGNALING
-0.224110376352,29,0.518,KEGG_PROPANOATE_METABOLISM
-0.302405946404,4,0.519,REACTOME_DIGESTION_OF_DIETARY_CARBOHYDRATE
-0.235103313054,20,0.519,KEGG_BIOSYNTHESIS_OF_UNSATURATED_FATTY_ACIDS
-0.203638005439,50,0.519,REACTOME_TELOMERE_MAINTENANCE
-0.217258012135,29,0.521,KEGG_RNA_POLYMERASE
-0.235529056971,13,0.523,PID_IL5_PATHWAY
-0.214393559798,32,0.524,PID_WNT_NONCANONICAL_PATHWAY
-0.205924431975,45,0.524,REACTOME_CYTOCHROME_P450_ARRANGED_BY_SUBSTRATE_TYPE
-0.207308770733,19,0.525,BIOCARTA_AMI_PATHWAY
-0.246703432149,10,0.528,REACTOME_REGULATION_OF_INSULIN_SECRETION_BY_ACETYLCHOLINE
-0.211481518566,32,0.528,REACTOME_GLOBAL_GENOMIC_NER_GG_NER
-0.212373674998,45,0.529,PID_RHOA_PATHWAY
-0.194339765472,40,0.53,REACTOME_PYRUVATE_METABOLISM_AND_CITRIC_ACID_TCA_CYCLE
-0.197708247585,11,0.534,REACTOME_DOWNREGULATION_OF_ERBB2_ERBB3_SIGNALING
-0.196638382512,32,0.537,BIOCARTA_AT1R_PATHWAY
-0.214901567187,23,0.54,BIOCARTA_NFKB_PATHWAY
-0.183060020258,12,0.543,REACTOME_RESOLUTION_OF_AP_SITES_VIA_THE_SINGLE_NUCLEOTIDE_REPLACEMENT_PATHWAY
-0.200613280299,18,0.544,BIOCARTA_TEL_PATHWAY
-0.215669992805,11,0.546,BIOCARTA_AGPCR_PATHWAY
-0.210316667681,21,0.548,REACTOME_TRAF6_MEDIATED_NFKB_ACTIVATION
-0.167734296985,32,0.551,BIOCARTA_MPR_PATHWAY
-0.210454807652,23,0.553,PID_NFKAPPAB_CANONICAL_PATHWAY
-0.179896940839,10,0.553,BIOCARTA_IL4_PATHWAY
-0.185237398401,174,0.555,REACTOME_POST_TRANSLATIONAL_PROTEIN_MODIFICATION
-0.208485864847,24,0.556,BIOCARTA_MCALPAIN_PATHWAY
-0.194157641741,34,0.556,BIOCARTA_AGR_PATHWAY
-0.222614100374,11,0.557,BIOCARTA_AKAP13_PATHWAY
-0.214240742191,23,0.557,REACTOME_IL_RECEPTOR_SHC_SIGNALING
-0.18911842029,83,0.557,REACTOME_SIGNALING_BY_ERBB4
-0.183386064673,27,0.557,REACTOME_BILE_ACID_AND_BILE_SALT_METABOLISM
-0.201400591222,64,0.558,REACTOME_ORC1_REMOVAL_FROM_CHROMATIN
-0.187493823514,64,0.558,ST_FAS_SIGNALING_PATHWAY
-0.178553572815,310,0.559,KEGG_PATHWAYS_IN_CANCER
-0.196843326753,40,0.561,PID_EPHB_FWD_PATHWAY
-0.199356636838,23,0.563,BIOCARTA_INTRINSIC_PATHWAY
-0.193743348223,19,0.565,REACTOME_BASE_EXCISION_REPAIR
-0.181513390304,29,0.565,KEGG_CITRATE_CYCLE_TCA_CYCLE
-0.197109453136,50,0.566,REACTOME_RNA_POL_I_TRANSCRIPTION
-0.196424008736,50,0.566,REACTOME_PROTEIN_FOLDING
-0.202351076743,28,0.569,REACTOME_KERATAN_SULFATE_KERATIN_METABOLISM
-0.176736499658,34,0.571,REACTOME_SIGNAL_TRANSDUCTION_BY_L1
-0.184148709482,24,0.572,REACTOME_NITRIC_OXIDE_STIMULATES_GUANYLATE_CYCLASE
-0.183411351477,25,0.572,KEGG_SELENOAMINO_ACID_METABOLISM
-0.163540791775,27,0.572,REACTOME_HS_GAG_BIOSYNTHESIS
-0.163985576415,38,0.577,REACTOME_FORMATION_OF_RNA_POL_II_ELONGATION_COMPLEX_
-0.190032770358,29,0.578,ST_TUMOR_NECROSIS_FACTOR_PATHWAY
-0.184197555836,30,0.579,REACTOME_DAG_AND_IP3_SIGNALING
-0.176463429486,41,0.582,REACTOME_ACTIVATION_OF_CHAPERONE_GENES_BY_XBP1S
-0.181855607213,28,0.584,REACTOME_MRNA_CAPPING
-0.185186444851,74,0.587,PID_AVB3_INTEGRIN_PATHWAY
-0.184336134562,24,0.595,PID_S1P_S1P2_PATHWAY
-0.172571982328,29,0.603,REACTOME_FRS2_MEDIATED_CASCADE
-0.161103007578,82,0.604,KEGG_GAP_JUNCTION
-0.177181279607,125,0.606,KEGG_AXON_GUIDANCE
-0.175820487834,132,0.61,REACTOME_NGF_SIGNALLING_VIA_TRKA_FROM_THE_PLASMA_MEMBRANE
-0.147096952722,43,0.61,NABA_COLLAGENS
-0.177026971521,110,0.614,REACTOME_SIGNALING_BY_RHO_GTPASES
-0.11502371394,37,0.621,REACTOME_NCAM1_INTERACTIONS
-0.15603931902,64,0.627,KEGG_ADIPOCYTOKINE_SIGNALING_PATHWAY
-0.169943802389,64,0.63,KEGG_GLIOMA
-0.141491969107,77,0.645,REACTOME_GLYCEROPHOSPHOLIPID_BIOSYNTHESIS
-0.138805862254,46,0.646,PID_TNF_PATHWAY
-0.152803828081,91,0.66,KEGG_GNRH_SIGNALING_PATHWAY
-0.139375341186,108,0.692,KEGG_VASCULAR_SMOOTH_MUSCLE_CONTRACTION
-0.159750753146,146,0.699,KEGG_PURINE_METABOLISM
